date,price
2009-01-03,0
2009-01-05,0
2009-01-07,0
2009-01-09,0
2009-01-11,0
2009-01-13,0
2009-01-15,0
2009-01-17,0
2009-01-19,0
2009-01-21,0
2009-01-23,0
2009-01-25,0
2009-01-27,0
2009-01-29,0
2009-01-31,0
2009-02-02,0
2009-02-04,0
2009-02-06,0
2009-02-08,0
2009-02-10,0
2009-02-12,0
2009-02-14,0
2009-02-16,0
2009-02-18,0
2009-02-20,0
2009-02-22,0
2009-02-24,0
2009-02-26,0
2009-02-28,0
2009-03-02,0
2009-03-04,0
2009-03-06,0
2009-03-08,0
2009-03-10,0
2009-03-12,0
2009-03-14,0
2009-03-16,0
2009-03-18,0
2009-03-20,0
2009-03-22,0
2009-03-24,0
2009-03-26,0
2009-03-28,0
2009-03-30,0
2009-04-01,0
2009-04-03,0
2009-04-05,0
2009-04-07,0
2009-04-09,0
2009-04-11,0
2009-04-13,0
2009-04-15,0
2009-04-17,0
2009-04-19,0
2009-04-21,0
2009-04-23,0
2009-04-25,0
2009-04-27,0
2009-04-29,0
2009-05-01,0
2009-05-03,0
2009-05-05,0
2009-05-07,0
2009-05-09,0
2009-05-11,0
2009-05-13,0
2009-05-15,0
2009-05-17,0
2009-05-19,0
2009-05-21,0
2009-05-23,0
2009-05-25,0
2009-05-27,0
2009-05-29,0
2009-05-31,0
2009-06-02,0
2009-06-04,0
2009-06-06,0
2009-06-08,0
2009-06-10,0
2009-06-12,0
2009-06-14,0
2009-06-16,0
2009-06-18,0
2009-06-20,0
2009-06-22,0
2009-06-24,0
2009-06-26,0
2009-06-28,0
2009-06-30,0
2009-07-02,0
2009-07-04,0
2009-07-06,0
2009-07-08,0
2009-07-10,0
2009-07-12,0
2009-07-14,0
2009-07-16,0
2009-07-18,0
2009-07-20,0
2009-07-22,0
2009-07-24,0
2009-07-26,0
2009-07-28,0
2009-07-30,0
2009-08-01,0
2009-08-03,0
2009-08-05,0
2009-08-07,0
2009-08-09,0
2009-08-11,0
2009-08-13,0
2009-08-15,0
2009-08-17,0
2009-08-19,0
2009-08-21,0
2009-08-23,0
2009-08-25,0
2009-08-27,0
2009-08-29,0
2009-08-31,0
2009-09-02,0
2009-09-04,0
2009-09-06,0
2009-09-08,0
2009-09-10,0
2009-09-12,0
2009-09-14,0
2009-09-16,0
2009-09-18,0
2009-09-20,0
2009-09-22,0
2009-09-24,0
2009-09-26,0
2009-09-28,0
2009-09-30,0
2009-10-02,0
2009-10-04,0
2009-10-06,0
2009-10-08,0
2009-10-10,0
2009-10-12,0
2009-10-14,0
2009-10-16,0
2009-10-18,0
2009-10-20,0
2009-10-22,0
2009-10-24,0
2009-10-26,0
2009-10-28,0
2009-10-30,0
2009-11-01,0
2009-11-03,0
2009-11-05,0
2009-11-07,0
2009-11-09,0
2009-11-11,0
2009-11-13,0
2009-11-15,0
2009-11-17,0
2009-11-19,0
2009-11-21,0
2009-11-23,0
2009-11-25,0
2009-11-27,0
2009-11-29,0
2009-12-01,0
2009-12-03,0
2009-12-05,0
2009-12-07,0
2009-12-09,0
2009-12-11,0
2009-12-13,0
2009-12-15,0
2009-12-17,0
2009-12-19,0
2009-12-21,0
2009-12-23,0
2009-12-25,0
2009-12-27,0
2009-12-29,0
2009-12-31,0
2010-01-02,0
2010-01-04,0
2010-01-06,0
2010-01-08,0
2010-01-10,0
2010-01-12,0
2010-01-14,0
2010-01-16,0
2010-01-18,0
2010-01-20,0
2010-01-22,0
2010-01-24,0
2010-01-26,0
2010-01-28,0
2010-01-30,0
2010-02-01,0
2010-02-03,0
2010-02-05,0
2010-02-07,0
2010-02-09,0
2010-02-11,0
2010-02-13,0
2010-02-15,0
2010-02-17,0
2010-02-19,0
2010-02-21,0
2010-02-23,0
2010-02-25,0
2010-02-27,0
2010-03-01,0
2010-03-03,0
2010-03-05,0
2010-03-07,0
2010-03-09,0
2010-03-11,0
2010-03-13,0
2010-03-15,0
2010-03-17,0
2010-03-19,0
2010-03-21,0
2010-03-23,0
2010-03-25,0
2010-03-27,0
2010-03-29,0
2010-03-31,0
2010-04-02,0
2010-04-04,0
2010-04-06,0
2010-04-08,0
2010-04-10,0
2010-04-12,0
2010-04-14,0
2010-04-16,0
2010-04-18,0
2010-04-20,0
2010-04-22,0
2010-04-24,0
2010-04-26,0
2010-04-28,0
2010-04-30,0
2010-05-02,0
2010-05-04,0
2010-05-06,0
2010-05-08,0
2010-05-10,0
2010-05-12,0
2010-05-14,0
2010-05-16,0
2010-05-18,0
2010-05-20,0
2010-05-22,0
2010-05-24,0
2010-05-26,0
2010-05-28,0
2010-05-30,0
2010-06-01,0
2010-06-03,0
2010-06-05,0
2010-06-07,0
2010-06-09,0
2010-06-11,0
2010-06-13,0
2010-06-15,0
2010-06-17,0
2010-06-19,0
2010-06-21,0
2010-06-23,0
2010-06-25,0
2010-06-27,0
2010-06-29,0
2010-07-01,0
2010-07-03,0
2010-07-05,0
2010-07-07,0
2010-07-09,0
2010-07-11,0
2010-07-13,0
2010-07-15,0
2010-07-17,0
2010-07-19,0
2010-07-21,0
2010-07-23,0
2010-07-25,0
2010-07-27,0
2010-07-29,0
2010-07-31,0
2010-08-02,0
2010-08-04,0
2010-08-06,0
2010-08-08,0
2010-08-10,0
2010-08-12,0
2010-08-14,0
2010-08-16,0
2010-08-18,0.074
2010-08-20,0.0667
2010-08-22,0.0664
2010-08-24,0.066889
2010-08-26,0.066499
2010-08-28,0.065
2010-08-30,0.069
2010-09-01,0.0649
2010-09-03,0.0634
2010-09-05,0.0629
2010-09-07,0.06185
2010-09-09,0.0624
2010-09-11,0.062
2010-09-13,0.06201
2010-09-15,0.175
2010-09-17,0.0609
2010-09-19,0.062599
2010-09-21,0.0633
2010-09-23,0.063
2010-09-25,0.0624
2010-09-27,0.062206
2010-09-29,0.06219
2010-10-01,0.061999
2010-10-03,0.0614
2010-10-05,0.06301
2010-10-07,0.0638
2010-10-09,0.12001
2010-10-11,0.1301
2010-10-13,0.095
2010-10-15,0.119
2010-10-17,0.1045
2010-10-19,0.1024
2010-10-21,0.109
2010-10-23,0.10901
2010-10-25,0.15
2010-10-27,0.19
2010-10-29,0.191
2010-10-31,0.199
2010-11-02,0.1955
2010-11-04,0.23601
2010-11-06,0.29
2010-11-08,0.37
2010-11-10,0.2667
2010-11-12,0.251
2010-11-14,0.299
2010-11-16,0.2827
2010-11-18,0.289999
2010-11-20,0.289
2010-11-22,0.282
2010-11-24,0.28299
2010-11-26,0.289
2010-11-28,0.28461
2010-11-30,0.275
2010-12-02,0.25
2010-12-04,0.2589
2010-12-06,0.225
2010-12-08,0.2477
2010-12-10,0.204
2010-12-12,0.228
2010-12-14,0.23
2010-12-16,0.2459
2010-12-18,0.249
2010-12-20,0.275
2010-12-22,0.267
2010-12-24,0.25
2010-12-26,0.269999
2010-12-28,0.28
2010-12-30,0.299999
2011-01-01,0.299998
2011-01-03,0.299998
2011-01-05,0.298998
2011-01-07,0.322
2011-01-09,0.322998
2011-01-11,0.329
2011-01-13,0.405
2011-01-15,0.4
2011-01-17,0.4
2011-01-19,0.3401
2011-01-21,0.44
2011-01-23,0.4443
2011-01-25,0.425
2011-01-27,0.4174
2011-01-29,0.446
2011-01-31,0.5
2011-02-02,0.840099
2011-02-04,0.88
2011-02-06,0.92
2011-02-08,0.9
2011-02-10,1.1
2011-02-12,1.0899
2011-02-14,1.08
2011-02-16,1.05019
2011-02-18,1.05019
2011-02-20,0.954896
2011-02-22,0.869499
2011-02-24,0.9499
2011-02-26,0.988567
2011-02-28,0.949231
2011-03-02,0.9498
2011-03-04,0.9392
2011-03-06,0.910445
2011-03-08,0.9072
2011-03-10,0.87
2011-03-12,0.9197
2011-03-14,0.9
2011-03-16,0.89
2011-03-18,0.850617
2011-03-20,0.79
2011-03-22,0.799646
2011-03-24,0.9
2011-03-26,0.905
2011-03-28,0.8575
2011-03-30,0.795
2011-04-01,0.79997
2011-04-03,0.7998
2011-04-05,0.71
2011-04-07,0.7677
2011-04-09,0.7676
2011-04-11,0.781
2011-04-13,1
2011-04-15,1.08999
2011-04-17,1.085
2011-04-19,1.19
2011-04-21,1.1979
2011-04-23,1.549
2011-04-25,1.701
2011-04-27,1.95
2011-04-29,2.7
2011-05-01,4.09
2011-05-03,3.49
2011-05-05,3.5
2011-05-07,3.7
2011-05-09,3.937
2011-05-11,6.065
2011-05-13,8.45
2011-05-15,8.55
2011-05-17,8.38901
2011-05-19,7.34
2011-05-21,6.6036
2011-05-23,7.45
2011-05-25,7.51
2011-05-27,8.92
2011-05-29,8.4992
2011-05-31,9.4998
2011-06-02,10.57
2011-06-04,17.41
2011-06-06,19.23
2011-06-08,31.9099
2011-06-10,35
2011-06-12,24.99
2011-06-14,20.99
2011-06-16,19.96
2011-06-18,17.2
2011-06-20,17.35
2011-06-22,15.05
2011-06-24,16.7501
2011-06-26,17.51001
2011-06-28,17.52
2011-06-30,17.5
2011-07-02,16.49
2011-07-04,15.85
2011-07-06,16.5
2011-07-08,15.64276
2011-07-10,15.68
2011-07-12,14.63988
2011-07-14,14.1
2011-07-16,14.1
2011-07-18,13.6901
2011-07-20,14.04
2011-07-22,13.9389
2011-07-24,13.979999
2011-07-26,14.4
2011-07-28,14
2011-07-30,13.8
2011-08-01,13.5501
2011-08-03,13.1
2011-08-05,11.55
2011-08-07,9.8
2011-08-09,12.1
2011-08-11,10.4959
2011-08-13,10.05
2011-08-15,11.89
2011-08-17,11.3
2011-08-19,11.81
2011-08-21,11.59
2011-08-23,11.49
2011-08-25,10.96554
2011-08-27,9.11
2011-08-29,9.4811
2011-08-31,9
2011-09-02,8.4989
2011-09-04,8.5939999988
2011-09-06,7.65713
2011-09-08,7.31509
2011-09-10,6.2089200002
2011-09-12,7.081
2011-09-14,5.9900000009
2011-09-16,5.23
2011-09-18,5
2011-09-20,6.795
2011-09-22,5.83001
2011-09-24,5.66
2011-09-26,5.46014
2011-09-28,4.989
2011-09-30,5.35
2011-10-02,5.16
2011-10-04,5.03
2011-10-06,4.93
2011-10-08,4.594
2011-10-10,4.25937
2011-10-12,4.20612
2011-10-14,4.11455
2011-10-16,3.9009000002
2011-10-18,2.9
2011-10-20,2.42
2011-10-22,3.3
2011-10-24,3.2
2011-10-26,2.876
2011-10-28,3.255
2011-10-30,3.65026
2011-11-01,3.35
2011-11-03,3.299
2011-11-05,3.21
2011-11-07,3.0289
2011-11-09,3.114
2011-11-11,3
2011-11-13,3.099
2011-11-15,2.69
2011-11-17,2.60031
2011-11-19,2.3
2011-11-21,2.29
2011-11-23,2.38
2011-11-25,2.56
2011-11-27,2.4965
2011-11-29,2.981
2011-12-01,3.14
2011-12-03,3.12999
2011-12-05,2.93
2011-12-07,3.082
2011-12-09,3.039
2011-12-11,3.38
2011-12-13,3.3
2011-12-15,3.1933
2011-12-17,3.23
2011-12-19,3.70036
2011-12-21,4.11
2011-12-23,3.95
2011-12-25,4.3897
2011-12-27,4.06
2011-12-29,4.33
2011-12-31,4.995
2012-01-02,5.4999
2012-01-04,5.6063
2012-01-06,7.22
2012-01-08,7.2
2012-01-10,6.89
2012-01-12,6.997
2012-01-14,6.75
2012-01-16,7.18888
2012-01-18,6.95
2012-01-20,6.58
2012-01-22,6.39
2012-01-24,6.515
2012-01-26,6.2
2012-01-28,5.74815
2012-01-30,5.6
2012-02-01,5.638
2012-02-03,6.148
2012-02-05,5.9625
2012-02-07,5.70999
2012-02-09,5.8
2012-02-11,6
2012-02-13,5.72
2012-02-15,4.88
2012-02-17,4.76998
2012-02-19,4.33333
2012-02-21,4.4354
2012-02-23,4.92481
2012-02-25,5.07
2012-02-27,5.1
2012-02-29,4.9
2012-03-02,4.98888
2012-03-04,4.9
2012-03-06,5.05
2012-03-08,5
2012-03-10,4.94
2012-03-12,4.95915
2012-03-14,5.4444
2012-03-16,5.4
2012-03-18,5.37998
2012-03-20,4.98
2012-03-22,4.88
2012-03-24,4.74896
2012-03-26,4.73793
2012-03-28,4.84592
2012-03-30,4.83
2012-04-01,4.929
2012-04-03,5.01
2012-04-05,4.94486
2012-04-07,4.98
2012-04-09,4.8
2012-04-11,4.8941
2012-04-13,4.94464
2012-04-15,4.98389
2012-04-17,5.02207
2012-04-19,5.19
2012-04-21,5.48
2012-04-23,5.21799
2012-04-25,5.16
2012-04-27,5.1372
2012-04-29,5.0184
2012-05-01,5
2012-05-03,5.184
2012-05-05,5.1495
2012-05-07,5.0947
2012-05-09,5.09609
2012-05-11,5.03188
2012-05-13,4.99888
2012-05-15,5.09
2012-05-17,5.1345
2012-05-19,5.14291
2012-05-21,5.1475
2012-05-23,5.16
2012-05-25,5.15
2012-05-27,5.148
2012-05-29,5.15889
2012-05-31,5.19
2012-06-02,5.279
2012-06-04,5.2785
2012-06-06,5.47
2012-06-08,5.66
2012-06-10,5.62
2012-06-12,5.7
2012-06-14,5.95
2012-06-16,6.599
2012-06-18,6.4668
2012-06-20,6.64999
2012-06-22,6.79962
2012-06-24,6.5915
2012-06-26,6.4514
2012-06-28,6.66897
2012-06-30,6.693
2012-07-02,6.75
2012-07-04,6.55
2012-07-06,6.73449
2012-07-08,6.87
2012-07-10,7.239
2012-07-12,7.32
2012-07-14,7.68891
2012-07-16,8.2899
2012-07-18,9.39899
2012-07-20,9.23355
2012-07-22,9
2012-07-24,8.96
2012-07-26,8.9
2012-07-28,8.93
2012-07-30,9.15
2012-08-01,9.54
2012-08-03,11.1188
2012-08-05,11.1869
2012-08-07,11.04
2012-08-09,12
2012-08-11,11.59788
2012-08-13,11.86999
2012-08-15,12.67
2012-08-17,15.4
2012-08-19,12
2012-08-21,10.29999
2012-08-23,10.25
2012-08-25,10.25
2012-08-27,12.14999
2012-08-29,11.20999
2012-08-31,10.8359
2012-09-02,10.18999
2012-09-04,10.5934
2012-09-06,11.17
2012-09-08,11.21
2012-09-10,11.127
2012-09-12,11.3789
2012-09-14,11.75
2012-09-16,11.99
2012-09-18,12.09
2012-09-20,12.68666
2012-09-22,12.4433
2012-09-24,12.29888
2012-09-26,12.28
2012-09-28,12.444
2012-09-30,12.47499
2012-10-02,12.88
2012-10-04,13.0899
2012-10-06,12.89999
2012-10-08,12.08
2012-10-10,12.15
2012-10-12,12.15
2012-10-14,12
2012-10-16,11.99
2012-10-18,11.95998
2012-10-20,11.85
2012-10-22,11.81
2012-10-24,11.82
2012-10-26,11.09988
2012-10-28,10.61
2012-10-30,10.85
2012-11-01,11.279
2012-11-03,10.60097
2012-11-05,10.9
2012-11-07,11.21603
2012-11-09,11.07
2012-11-11,10.939
2012-11-13,11.129
2012-11-15,11.114
2012-11-17,11.8
2012-11-19,11.79998
2012-11-21,11.784
2012-11-23,12.43
2012-11-25,12.6
2012-11-27,12.52999
2012-11-29,12.599
2012-12-01,12.68778
2012-12-03,12.67901
2012-12-05,13.5
2012-12-07,13.68
2012-12-09,13.53
2012-12-11,13.63999
2012-12-13,13.79989
2012-12-15,13.7722
2012-12-17,13.498
2012-12-19,13.399
2012-12-21,13.6475
2012-12-23,13.48547
2012-12-25,13.45
2012-12-27,13.47
2012-12-29,13.67
2012-12-31,13.59
2013-01-02,13.4
2013-01-04,13.48986
2013-01-06,13.52999
2013-01-08,13.83
2013-01-10,14.32
2013-01-12,14.34999
2013-01-14,14.3
2013-01-16,14.689
2013-01-18,15.985
2013-01-20,15.89
2013-01-22,17.59
2013-01-24,19.18999
2013-01-26,17.61926
2013-01-28,18.45
2013-01-30,19.7
2013-02-01,21.3
2013-02-03,20.68
2013-02-05,20.79
2013-02-07,22.15
2013-02-09,23.69997
2013-02-11,24.1955
2013-02-13,26.09999
2013-02-15,26.99898
2013-02-17,25.6083
2013-02-19,28.78999
2013-02-21,29.80012
2013-02-23,29.27998
2013-02-25,30.25001
2013-02-27,31.40181
2013-03-01,34.87799
2013-03-03,34.10007
2013-03-05,40.04
2013-03-07,42.49271
2013-03-09,46.01112
2013-03-11,47.7397
2013-03-13,46.79999
2013-03-15,47.25005
2013-03-17,47.4419
2013-03-19,57.76
2013-03-21,73.8
2013-03-23,63
2013-03-25,73.88798
2013-03-27,88.9
2013-03-29,89.05
2013-03-31,92.50001
2013-04-02,108.73
2013-04-04,131.99899
2013-04-06,142.49765
2013-04-08,184
2013-04-10,198
2013-04-12,76.488
2013-04-14,91
2013-04-16,91
2013-04-18,96.5
2013-04-20,123.86
2013-04-22,123.515
2013-04-24,153.20019
2013-04-26,135.601
2013-04-28,135.98999
2013-04-30,139.109
2013-05-02,105.00003
2013-05-04,111.98979
2013-05-06,120.94999
2013-05-08,113.95001
2013-05-10,117.68
2013-05-12,114.32
2013-05-14,119
2013-05-16,115.09024
2013-05-18,123.74995
2013-05-20,122.65001
2013-05-22,122.64
2013-05-24,131.5
2013-05-26,134.04701
2013-05-28,128.321
2013-05-30,130.99589
2013-06-01,129.19945
2013-06-03,120.00002
2013-06-05,122.4051
2013-06-07,110.29501
2013-06-09,98.47045
2013-06-11,108
2013-06-13,109
2013-06-15,101.96998
2013-06-17,100.52521
2013-06-19,107.835
2013-06-21,111
2013-06-23,107.68389
2013-06-25,103.86665
2013-06-27,102.79001
2013-06-29,95.85301
2013-07-01,90.998
2013-07-03,82.8
2013-07-05,67.85844
2013-07-07,70.942
2013-07-09,76.32791
2013-07-11,87.15
2013-07-13,95.995
2013-07-15,98.37516
2013-07-17,97.97
2013-07-19,93.41082
2013-07-21,88.93999
2013-07-23,95.396
2013-07-25,96.2
2013-07-27,95.20461
2013-07-29,101.04202
2013-07-31,104.95555
2013-08-02,105.5
2013-08-04,104.67459
2013-08-06,106.88378
2013-08-08,101.9
2013-08-10,102.61802
2013-08-12,104.99498
2013-08-14,100.03
2013-08-16,98.51
2013-08-18,99.02
2013-08-20,104.59
2013-08-22,111.01
2013-08-24,108.79
2013-08-26,111.8
2013-08-28,119.25
2013-08-30,124.79
2013-09-01,130.82
2013-09-03,130.45
2013-09-05,124.51
2013-09-07,120.15
2013-09-09,121.66
2013-09-11,124.1
2013-09-13,128.29
2013-09-15,125.46
2013-09-17,127.56
2013-09-19,124.1
2013-09-21,123.5
2013-09-23,123.02
2013-09-25,124.18
2013-09-27,125.6
2013-09-29,128.1
2013-10-01,124.75166
2013-10-02,125.7585
2013-10-03,125.66566
2013-10-04,118.675
2013-10-05,121.93633
2013-10-06,121.85216
2013-10-07,121.99166
2013-10-08,123.64016
2013-10-09,124.7835
2013-10-10,128.01683
2013-10-11,126.43666
2013-10-12,126.0365
2013-10-13,126.8965
2013-10-14,135.24199
2013-10-15,135.69216
2013-10-16,143.60483
2013-10-17,145.601
2013-10-18,144.311
2013-10-19,152.6685
2013-10-20,167.07999
2013-10-21,164.3315
2013-10-22,177.71166
2013-10-23,188.82383
2013-10-24,202.34333
2013-10-25,201.33316
2013-10-26,184.09033
2013-10-27,180.3185
2013-10-28,188.3985
2013-10-29,192.83983
2013-10-30,198.41366
2013-10-31,198.79333
2013-11-01,198.57
2013-11-02,199.09783
2013-11-03,201.24116
2013-11-04,211.17133
2013-11-05,227.02833
2013-11-06,248.32116
2013-11-07,262.67166
2013-11-08,294.48749
2013-11-09,343.67975
2013-11-10,355.2275
2013-11-11,323.27249
2013-11-12,339.795
2013-11-13,358.94999
2013-11-14,409.51
2013-11-15,415.93975
2013-11-16,427.90425
2013-11-17,437.9695
2013-11-18,512.16999
2013-11-19,781.82624
2013-11-20,716.825
2013-11-21,580.11375
2013-11-22,705.49725
2013-11-23,775.6525
2013-11-24,823.41525
2013-11-25,787.2475
2013-11-26,793.71424
2013-11-27,904.585
2013-11-28,965.2525
2013-11-29,1084.9466
2013-11-30,1157.49894
2013-12-01,1156.02831
2013-12-02,1099.70754
2013-12-03,1049.67916
2013-12-04,1092.83331
2013-12-05,1151.29749
2013-12-06,1144.36916
2013-12-07,1038.55
2013-12-08,826.32766
2013-12-09,845.85092
2013-12-10,948.68183
2013-12-11,1004.93666
2013-12-12,975.62383
2013-12-13,919.30033
2013-12-14,933.17016
2013-12-15,897.30915
2013-12-16,886.23583
2013-12-17,876.21516
2013-12-18,757.02366
2013-12-19,654.06266
2013-12-20,710.3255
2013-12-21,733.23666
2013-12-22,651.8435
2013-12-23,671.59166
2013-12-24,685.3675
2013-12-25,675.614
2013-12-26,720.22498
2013-12-27,780.93666
2013-12-28,772.90666
2013-12-29,753.83333
2013-12-30,759.6362
2013-12-31,763.83
2014-01-01,772.959
2014-01-02,774.26333
2014-01-03,826.34166
2014-01-04,839.85833
2014-01-05,873.98
2014-01-06,972.00354
2014-01-07,1023.16666
2014-01-08,970.22516
2014-01-09,886.02916
2014-01-10,880.64166
2014-01-11,902.035
2014-01-12,940.495
2014-01-13,920.71733
2014-01-14,873.27168
2014-01-15,871.11385
2014-01-16,888.88519
2014-01-17,879.62999
2014-01-18,854.32827
2014-01-19,850.56666
2014-01-20,885.16166
2014-01-21,882.45166
2014-01-22,876.14065
2014-01-23,874.13266
2014-01-24,866.45964
2014-01-25,838.26
2014-01-26,876.24165
2014-01-27,899.2283
2014-01-28,887.37698
2014-01-29,860.24269
2014-01-30,846.92594
2014-01-31,855.86653
2014-02-01,852.3975
2014-02-02,869.4796
2014-02-03,882.43124
2014-02-04,856.03366
2014-02-05,852.26152
2014-02-06,846.35105
2014-02-07,815.79724
2014-02-08,758.33833
2014-02-09,721.64138
2014-02-10,711.97109
2014-02-11,702.36822
2014-02-12,710.6525
2014-02-13,671.9975
2014-02-14,653.355
2014-02-15,696.75
2014-02-16,657.99749
2014-02-17,657.2725
2014-02-18,653.75
2014-02-19,641.37249
2014-02-20,625.4225
2014-02-21,620.84
2014-02-22,581.24
2014-02-23,622.22
2014-02-24,637.5025
2014-02-25,583.135
2014-02-26,562.54499
2014-02-27,599.505
2014-02-28,583.7825
2014-03-01,570.7875
2014-03-02,570.0025
2014-03-03,568.275
2014-03-04,681.615
2014-03-05,698.05
2014-03-06,666.3275
2014-03-07,663.74
2014-03-08,653.98249
2014-03-09,626.25
2014-03-10,644.8825
2014-03-11,642.5275
2014-03-12,645.75
2014-03-13,639.5375
2014-03-14,641.66999
2014-03-15,636.75668
2014-03-16,636
2014-03-17,635.24333
2014-03-18,630.77666
2014-03-19,621.47168
2014-03-20,621.18353
2014-03-21,604.52831
2014-03-22,605.15331
2014-03-23,571.86663
2014-03-24,570.33081
2014-03-25,587.98666
2014-03-26,585.57499
2014-03-27,589.95497
2014-03-28,571.57667
2014-03-29,525.16333
2014-03-30,504.21231
2014-03-31,486.80845
2014-04-01,472.4783
2014-04-02,500.64066
2014-04-03,494.98333
2014-04-04,456.34863
2014-04-05,455.99333
2014-04-06,465.63773
2014-04-07,466.475
2014-04-08,458.925
2014-04-09,456.88188
2014-04-10,453.06422
2014-04-11,427.5385
2014-04-12,438.24666
2014-04-13,438.91098
2014-04-14,425.68516
2014-04-15,470.95333
2014-04-16,524.80583
2014-04-17,543.31749
2014-04-18,529.29783
2014-04-19,497.77333
2014-04-20,511.76836
2014-04-21,510.83165
2014-04-22,507.44998
2014-04-23,498.59166
2014-04-24,489.32333
2014-04-25,500.62333
2014-04-26,472.48499
2014-04-27,463.18666
2014-04-28,457.45584
2014-04-29,445.73085
2014-04-30,449.08171
2014-05-01,455.43
2014-05-02,459.42666
2014-05-03,453.59833
2014-05-04,443.36661
2014-05-05,438.44883
2014-05-06,434.35831
2014-05-07,431.33331
2014-05-08,446.35999
2014-05-09,445.01666
2014-05-10,451.24499
2014-05-11,453.54333
2014-05-12,450.04166
2014-05-13,440.21333
2014-05-14,439.51833
2014-05-15,445.89666
2014-05-16,447.74499
2014-05-17,447.15166
2014-05-18,446.48
2014-05-19,446.18166
2014-05-20,458.23333
2014-05-21,494.21
2014-05-22,494.46166
2014-05-23,535.09
2014-05-24,543.095
2014-05-25,535.725
2014-05-26,589.945
2014-05-27,589.78166
2014-05-28,591.24166
2014-05-29,576.55666
2014-05-30,573.27
2014-05-31,622.50666
2014-06-01,638.94666
2014-06-02,676.60333
2014-06-03,667.19333
2014-06-04,675.73833
2014-06-05,650.76333
2014-06-06,664.97833
2014-06-07,657.94166
2014-06-08,656.84666
2014-06-09,655.015
2014-06-10,653.34666
2014-06-11,657.97
2014-06-12,646.385
2014-06-13,633.66166
2014-06-14,613.465
2014-06-15,590.76166
2014-06-16,593.54833
2014-06-17,606.82166
2014-06-18,613.99166
2014-06-19,612.85666
2014-06-20,605.93833
2014-06-21,595.21666
2014-06-22,603.205
2014-06-23,602.82833
2014-06-24,593.255
2014-06-25,588.78
2014-06-26,576.03166
2014-06-27,584.16333
2014-06-28,600.72
2014-06-29,604.33833
2014-06-30,600.54166
2014-07-01,647.12249
2014-07-02,654.76874
2014-07-03,653.65875
2014-07-04,646.88375
2014-07-05,644.18125
2014-07-06,635.89874
2014-07-07,632.575
2014-07-08,633.0625
2014-07-09,621.74749
2014-07-10,624.01
2014-07-11,621.4675
2014-07-12,636.61875
2014-07-13,635.04625
2014-07-14,634.12
2014-07-15,623.24749
2014-07-16,622.46124
2014-07-17,620.45
2014-07-18,627.04625
2014-07-19,628.54499
2014-07-20,626.80875
2014-07-21,623.97375
2014-07-22,622.20624
2014-07-23,622.49125
2014-07-24,619.92375
2014-07-25,618.26374
2014-07-26,605.98125
2014-07-27,598.15625
2014-07-28,595.87875
2014-07-29,622.93125
2014-07-30,586.625
2014-07-31,581.28125
2014-08-01,587.96
2014-08-02,601.835
2014-08-03,594.16875
2014-08-04,588.20375
2014-08-05,592.83624
2014-08-06,586.70875
2014-08-07,586.8775
2014-08-08,598.76874
2014-08-09,596.385
2014-08-10,588.99749
2014-08-11,593.6975
2014-08-12,588.7525
2014-08-13,573.31375
2014-08-14,565.73
2014-08-15,534.57875
2014-08-16,515.36
2014-08-17,522.19
2014-08-18,516.95375
2014-08-19,491.965
2014-08-20,488.52625
2014-08-21,532.7675
2014-08-22,526.78625
2014-08-23,522.19375
2014-08-24,509.285
2014-08-25,513.375
2014-08-26,506.19875
2014-08-27,514.85375
2014-08-28,521.34875
2014-08-29,515.78375
2014-08-30,512.28
2014-08-31,505.585
2014-09-01,502.54375
2014-09-02,485.94
2014-09-03,483.305
2014-09-04,479.59875
2014-09-05,494.03625
2014-09-06,489.5875
2014-09-07,484.8225
2014-09-08,485.37
2014-09-09,478.3925
2014-09-10,478.03375
2014-09-11,487.20625
2014-09-12,480.3975
2014-09-13,476.02125
2014-09-14,479.2275
2014-09-15,477.78375
2014-09-16,476.43625
2014-09-17,472.42125
2014-09-18,465.32375
2014-09-19,451.36625
2014-09-20,426.48125
2014-09-21,422.99125
2014-09-22,405.79625
2014-09-23,405.245
2014-09-24,443.6875
2014-09-25,431.79
2014-09-26,418.56
2014-09-27,411.04
2014-09-28,405.205
2014-09-29,398.8675
2014-09-30,385.71375
2014-10-01,393.98
2014-10-02,390.35375
2014-10-03,382.77125
2014-10-04,374.555
2014-10-05,362.13
2014-10-06,337.22375
2014-10-07,343.51
2014-10-08,338.76
2014-10-09,355.73875
2014-10-10,382.66625
2014-10-11,374.90375
2014-10-12,363.73375
2014-10-13,377.92125
2014-10-14,394.5675
2014-10-15,409.73375
2014-10-16,397.48375
2014-10-17,393.36375
2014-10-18,382.7
2014-10-19,392.87125
2014-10-20,391.365
2014-10-21,383.8175
2014-10-22,388.965
2014-10-23,383.8075
2014-10-24,376.59
2014-10-25,360.555
2014-10-26,355.545
2014-10-27,357.86875
2014-10-28,355.53125
2014-10-29,354.6925
2014-10-30,351.84875
2014-10-31,350.41375
2014-11-01,346.26625
2014-11-02,338.1295
2014-11-03,333.75983
2014-11-04,332.75133
2014-11-05,335.81166
2014-11-06,341.49
2014-11-07,351.575
2014-11-08,351.295
2014-11-09,345.625
2014-11-10,363.85333
2014-11-11,374.71166
2014-11-12,380.52
2014-11-13,442.37166
2014-11-14,458.05166
2014-11-15,412.20666
2014-11-16,397.02666
2014-11-17,404.445
2014-11-18,410.17
2014-11-19,389.35999
2014-11-20,385.06
2014-11-21,377.63
2014-11-22,355.835
2014-11-23,363.70166
2014-11-24,371.24166
2014-11-25,388.67666
2014-11-26,393.06333
2014-11-27,377.667
2014-11-28,373.272
2014-11-29,381.554
2014-11-30,385.537
2014-12-01,381.582
2014-12-02,382.602
2014-12-03,383.719
2014-12-04,383.008
2014-12-05,378.106
2014-12-06,378.235
2014-12-07,375.501
2014-12-08,375.849
2014-12-09,373.7
2014-12-10,358.097
2014-12-11,351.242
2014-12-12,361.003
2014-12-13,353.846
2014-12-14,348.36
2014-12-15,353.14099
2014-12-16,349.745
2014-12-17,339.901
2014-12-18,331.281
2014-12-19,317.405
2014-12-20,320.19099
2014-12-21,330.77
2014-12-22,324.993
2014-12-23,332.466
2014-12-24,335.903
2014-12-25,332.821
2014-12-26,321.685
2014-12-27,330.467
2014-12-28,321.556
2014-12-29,319.63099
2014-12-30,317.552
2014-12-31,314.467
2015-01-01,319.559
2015-01-02,317.31599
2015-01-03,315.56599
2015-01-04,312.288
2015-01-05,286.243
2015-01-06,277.97199
2015-01-07,286.95999
2015-01-08,300.24124
2015-01-09,291.40499
2015-01-10,291.2475
2015-01-11,287.87
2015-01-12,277.64999
2015-01-13,271.774
2015-01-14,249.04299
2015-01-15,219.973
2015-01-16,229.3059
2015-01-17,222.0138
2015-01-18,209.3242
2015-01-19,218.9848
2015-01-20,216.6805
2015-01-21,214.66619
2015-01-22,236.83589
2015-01-23,236.34609
2015-01-24,235.02849
2015-01-25,254.98829
2015-01-26,290.8877
2015-01-27,307.9664
2015-01-28,268.022
2015-01-29,262.7574
2015-01-30,237.463
2015-01-31,242.724
2015-02-01,233.52791
2015-02-02,231.91775
2015-02-03,242.31883
2015-02-04,246.1851
2015-02-05,230.02183
2015-02-06,227.40666
2015-02-07,226.18658
2015-02-08,230.15883
2015-02-09,229.33333
2015-02-10,223.94616
2015-02-11,223.5535
2015-02-12,223.00924
2015-02-13,224.00924
2015-02-14,240.23908
2015-02-15,261.66275
2015-02-16,267.34908
2015-02-17,239.58716
2015-02-18,246.13708
2015-02-19,243.79491
2015-02-20,243.11
2015-02-21,247.13699
2015-02-22,246.45508
2015-02-23,245.70399
2015-02-24,239.62416
2015-02-25,239.36141
2015-02-26,238.56583
2015-02-27,251.28908
2015-02-28,257.50475
2015-03-01,254.18825
2015-03-02,260.63639
2015-03-03,272.46819
2015-03-04,286.282
2015-03-05,283.3832
2015-03-06,280.3962
2015-03-07,275.54309
2015-03-08,277.7033
2015-03-09,278.5315
2015-03-10,296.4732
2015-03-11,300.34
2015-03-12,296.744
2015-03-13,296.73899
2015-03-14,293.9851
2015-03-15,286.19169
2015-03-16,291.1669
2015-03-17,293.9259
2015-03-18,291.754
2015-03-19,284.4759
2015-03-20,264.23519
2015-03-21,263.4741
2015-03-22,262.136
2015-03-23,269.9758
2015-03-24,270.0403
2015-03-25,265.7907
2015-03-26,249.2025
2015-03-27,254.4384
2015-03-28,249.2089
2015-03-29,254.1074
2015-03-30,247.6292
2015-03-31,248.5962
2015-04-01,247.8894
2015-04-02,247.9642
2015-04-03,254.1979
2015-04-04,255.755
2015-04-05,253.796
2015-04-06,261.1468
2015-04-07,260.404
2015-04-08,255.2263
2015-04-09,253.0569
2015-04-10,244.9784
2015-04-11,241.8075
2015-04-12,237.3163
2015-04-13,236.7432
2015-04-14,236.7879
2015-04-15,222.6009
2015-04-16,226.5496
2015-04-17,229.2841
2015-04-18,228.0318
2015-04-19,223.8713
2015-04-20,226.1347
2015-04-21,226.2222
2015-04-22,236.685
2015-04-23,238.16109
2015-04-24,236.3318
2015-04-25,233.8944
2015-04-26,229.5635
2015-04-27,220.2149
2015-04-28,232.3386
2015-04-29,227.3867
2015-04-30,226.919
2015-05-01,239.6384
2015-05-02,239.3447
2015-05-03,236.92579
2015-05-04,243.6192
2015-05-05,242.8279
2015-05-06,236.87849
2015-05-07,236.1943
2015-05-08,239.9257
2015-05-09,245.9108
2015-05-10,247.7286
2015-05-11,244.2782
2015-05-12,244.06689
2015-05-13,242.2739
2015-05-14,243.5782
2015-05-15,238.3988
2015-05-16,238.6384
2015-05-17,237.1959
2015-05-18,237.56239
2015-05-19,236.6813
2015-05-20,234.003
2015-05-21,234.89
2015-05-22,236.4532
2015-05-23,241.4041
2015-05-24,241.4541
2015-05-25,242.6293
2015-05-26,241.5843
2015-05-27,238.7259
2015-05-28,238.7449
2015-05-29,237.896
2015-05-30,237.4219
2015-05-31,236.4621
2015-06-01,233.3848
2015-06-02,231.78
2015-06-03,227.0337
2015-06-04,227.3892
2015-06-05,226.4761
2015-06-06,226.0275
2015-06-07,226.2012
2015-06-08,226.3259
2015-06-09,229.769
2015-06-10,231.1578
2015-06-11,230.1489
2015-06-12,230.3864
2015-06-13,231.5507
2015-06-14,233.1445
2015-06-15,235.5255
2015-06-16,238.5994
2015-06-17,254.09699
2015-06-18,257.8739
2015-06-19,251.6709
2015-06-20,250.55569
2015-06-21,246.4702
2015-06-22,245.98075
2015-06-23,248.2147
2015-06-24,247.1273
2015-06-25,243.9954
2015-06-26,243.6244
2015-06-27,242.91525
2015-06-28,251.08587
2015-06-29,250.382
2015-06-30,259.242
2015-07-01,268.22612
2015-07-02,261.84387
2015-07-03,259.7935
2015-07-04,256.06687
2015-07-05,262.94799
2015-07-06,273.81987
2015-07-07,276.27062
2015-07-08,270.17874
2015-07-09,272.38087
2015-07-10,271.97912
2015-07-11,295.00537
2015-07-12,303.00737
2015-07-13,313.77387
2015-07-14,305.38975
2015-07-15,295.87587
2015-07-16,292.32812
2015-07-17,288.20425
2015-07-18,279.5005
2015-07-19,282.30874
2015-07-20,275.742
2015-07-21,279.77188
2015-07-22,280.47463
2015-07-23,277.4875
2015-07-24,276.94
2015-07-25,289.57691
2015-07-26,290.58833
2015-07-27,292.72608
2015-07-28,296.14516
2015-07-29,295.37741
2015-07-30,292.99425
2015-07-31,289.71741
2015-08-01,286.99866
2015-08-02,282.92333
2015-08-03,282.12791
2015-08-04,284.788
2015-08-05,285.17558
2015-08-06,284.35416
2015-08-07,281.08916
2015-08-08,279.72425
2015-08-09,278.46766
2015-08-10,266.79691
2015-08-11,266.348
2015-08-12,271.20391
2015-08-13,270.24325
2015-08-14,265.29758
2015-08-15,267.06158
2015-08-16,265.98733
2015-08-17,261.20058
2015-08-18,259.63791
2015-08-19,256.49283
2015-08-20,236.11891
2015-08-21,236.62541
2015-08-22,235.86108
2015-08-23,233.21158
2015-08-24,231.79075
2015-08-25,227.23233
2015-08-26,226.27733
2015-08-27,230.39633
2015-08-28,228.034
2015-08-29,234.71883
2015-08-30,232.931
2015-08-31,230.6365
2015-09-01,231.88441
2015-09-02,229.47541
2015-09-03,230.05741
2015-09-04,228.45141
2015-09-05,230.60799
2015-09-06,241.14916
2015-09-07,243.13633
2015-09-08,243.1965
2015-09-09,245.83491
2015-09-10,244.49183
2015-09-11,240.71991
2015-09-12,241.15166
2015-09-13,240.10541
2015-09-14,235.53075
2015-09-15,232.4895
2015-09-16,231.55808
2015-09-17,231.00908
2015-09-18,234.61991
2015-09-19,234.24358
2015-09-20,232.75508
2015-09-21,232.07841
2015-09-22,230.82908
2015-09-23,232.10541
2015-09-24,231.45916
2015-09-25,235.53625
2015-09-26,237.1115
2015-09-27,234.9895
2015-09-28,237.42183
2015-09-29,240.24925
2015-09-30,240.3205
2015-10-01,238.11808
2015-10-02,238.95083
2015-10-03,238.82991
2015-10-04,239.59866
2015-10-05,239.50175
2015-10-06,241.061
2015-10-07,247.573
2015-10-08,246.58683
2015-10-09,244.70625
2015-10-10,245.02475
2015-10-11,245.865
2015-10-12,247.91733
2015-10-13,247.76783
2015-10-14,250.55283
2015-10-15,255.94216
2015-10-16,256.66408
2015-10-17,268.08933
2015-10-18,274.54266
2015-10-19,271.209
2015-10-20,265.73075
2015-10-21,272.21816
2015-10-22,271.14833
2015-10-23,278.61383
2015-10-24,280.20966
2015-10-25,289.04825
2015-10-26,294.60916
2015-10-27,291.77658
2015-10-28,301.96425
2015-10-29,306.59441
2015-10-30,326.55691
2015-10-31,333.7465
2015-11-01,328.04325
2015-11-02,327.71966
2015-11-03,370.36625
2015-11-04,434.27575
2015-11-05,492.40458
2015-11-06,434.31683
2015-11-07,395.991
2015-11-08,392.293
2015-11-09,389.473
2015-11-10,386.631
2015-11-11,381.724
2015-11-12,326.905
2015-11-13,345.601
2015-11-14,341.274
2015-11-15,339.296
2015-11-16,334.837
2015-11-17,340.349
2015-11-18,337.759
2015-11-19,337.162
2015-11-20,335.019
2015-11-21,324.598
2015-11-22,328.33299
2015-11-23,326.895
2015-11-24,326.056
2015-11-25,322.934
2015-11-26,333.555
2015-11-27,368.511
2015-11-28,364.061
2015-11-29,360.147
2015-11-30,379.609
2015-12-01,382.494
2015-12-02,379.19899
2015-12-03,367.107
2015-12-04,370.8
2015-12-05,371.182
2015-12-06,396.643
2015-12-07,402.296
2015-12-08,399.844
2015-12-09,421.833
2015-12-10,423.909
2015-12-11,422.774
2015-12-12,470.883
2015-12-13,467.887
2015-12-14,442.47299
2015-12-15,457.457
2015-12-16,465.651
2015-12-17,462.524
2015-12-18,458.46
2015-12-19,466.462
2015-12-20,465.84799
2015-12-21,461.011
2015-12-22,445.533
2015-12-23,443.225
2015-12-24,456.858
2015-12-25,459.841
2015-12-26,458.668
2015-12-27,448.524
2015-12-28,429.09
2015-12-29,428.734
2015-12-30,434.21899
2015-12-31,433.368
2016-01-01,433.033
2016-01-02,436.187
2016-01-03,435.739
2016-01-04,432.417
2016-01-05,435.151
2016-01-06,433.935
2016-01-07,443.528
2016-01-08,463.954
2016-01-09,457.583
2016-01-10,452.732
2016-01-11,451.436
2016-01-12,450.541
2016-01-13,447.731
2016-01-14,433.668
2016-01-15,432.253
2016-01-16,417.842
2016-01-17,390.801
2016-01-18,387.229
2016-01-19,387.476
2016-01-20,386.638
2016-01-21,424.651
2016-01-22,420.34
2016-01-23,403.685
2016-01-24,394.496
2016-01-25,405.799
2016-01-26,400.99699
2016-01-27,397.57
2016-01-28,396.568
2016-01-29,384.499
2016-01-30,384.489
2016-01-31,380.69899
2016-02-01,379.529
2016-02-02,378.518
2016-02-03,374.829
2016-02-04,373.793
2016-02-05,391.268
2016-02-06,390.194
2016-02-07,378.577
2016-02-08,379.561
2016-02-09,378.688
2016-02-10,376.286
2016-02-11,383.564
2016-02-12,379.992
2016-02-13,388.87
2016-02-14,398.059
2016-02-15,410.239
2016-02-16,407.002
2016-02-17,408.124
2016-02-18,421.021
2016-02-19,424.982
2016-02-20,422.311
2016-02-21,443.183
2016-02-22,448.29
2016-02-23,440.698
2016-02-24,439.18
2016-02-25,427.026
2016-02-26,424.816
2016-02-27,434.76599
2016-02-28,433.677
2016-02-29,439.049
2016-03-01,441.655
2016-03-02,436.426
2016-03-03,434.309
2016-03-04,423.522
2016-03-05,422.57
2016-03-06,408.953
2016-03-07,409.721
2016-03-08,415.512
2016-03-09,415.091
2016-03-10,413.784
2016-03-11,416.972
2016-03-12,421.933
2016-03-13,415.96
2016-03-14,416.025
2016-03-15,416.441
2016-03-16,417.124
2016-03-17,417.207
2016-03-18,419.506
2016-03-19,417.662
2016-03-20,411.364
2016-03-21,412.431
2016-03-22,415.14099
2016-03-23,417.716
2016-03-24,418.55
2016-03-25,416.808
2016-03-26,417.31899
2016-03-27,417.068
2016-03-28,427.001
2016-03-29,425.042
2016-03-30,423.847
2016-03-31,415.618
2016-04-01,416.938
2016-04-02,420.895
2016-04-03,419.83
2016-04-04,419.61
2016-04-05,422.197
2016-04-06,423.242
2016-04-07,422.649
2016-04-08,422.011
2016-04-09,423.563
2016-04-10,418.555
2016-04-11,421.869
2016-04-12,426.383
2016-04-13,427.787
2016-04-14,426.91
2016-04-15,426.53599
2016-04-16,429.991
2016-04-17,432.996
2016-04-18,430.639
2016-04-19,430.08
2016-04-20,437.109
2016-04-21,445.291
2016-04-22,452.802
2016-04-23,449.685
2016-04-24,457.138
2016-04-25,460.972
2016-04-26,469.281
2016-04-27,470.16099
2016-04-28,468.483
2016-04-29,450.647
2016-04-30,456.89099
2016-05-01,455.235
2016-05-02,453.502
2016-05-03,453.227
2016-05-04,451.443
2016-05-05,450.233
2016-05-06,449.468
2016-05-07,462.76
2016-05-08,461.735
2016-05-09,460.48
2016-05-10,464.21
2016-05-11,461.213
2016-05-12,454.938
2016-05-13,455.12299
2016-05-14,457.038
2016-05-15,456.477
2016-05-16,458.87299
2016-05-17,457.927
2016-05-18,454.812
2016-05-19,455.734
2016-05-20,454.078
2016-05-21,444.075
2016-05-22,443.71099
2016-05-23,443.15
2016-05-24,444.756
2016-05-25,447.07
2016-05-26,449.979
2016-05-27,472.481
2016-05-28,490.246
2016-05-29,531.697
2016-05-30,545.764
2016-05-31,541.783
2016-06-01,546.85299
2016-06-02,543.62799
2016-06-03,541.056
2016-06-04,576.778
2016-06-05,591.028
2016-06-06,582.309
2016-06-07,590.98299
2016-06-08,588.682
2016-06-09,583.989
2016-06-10,581.56899
2016-06-11,585.45399
2016-06-12,634.269
2016-06-13,685.275
2016-06-14,719.847
2016-06-15,695.763
2016-06-16,732.692
2016-06-17,776.642
2016-06-18,773.505
2016-06-19,781.309
2016-06-20,765.929
2016-06-21,763.019
2016-06-22,713.289
2016-06-23,677.105
2016-06-24,658.43999
2016-06-25,692.544
2016-06-26,688.808
2016-06-27,659.692
2016-06-28,661.35299
2016-06-29,656.006
2016-06-30,642.485
2016-07-01,684.652
2016-07-02,684.804
2016-07-03,704.423
2016-07-04,694.597
2016-07-05,682.394
2016-07-06,679.466
2016-07-07,680.231
2016-07-08,672.906
2016-07-09,665.749
2016-07-10,661.76199
2016-07-11,660.439
2016-07-12,658.50699
2016-07-13,675.067
2016-07-14,668.759
2016-07-15,665.29099
2016-07-16,668.235
2016-07-17,666.94399
2016-07-18,681.599
2016-07-19,682.19
2016-07-20,674.756
2016-07-21,673.852
2016-07-22,667.197
2016-07-23,667.058
2016-07-24,656.438
2016-07-25,663.918
2016-07-26,661.306
2016-07-27,656.72799
2016-07-28,659.51
2016-07-29,658.631
2016-07-30,658.25299
2016-07-31,658.283
2016-08-01,639.38199
2016-08-02,627.068
2016-08-03,608.707
2016-08-04,583.28
2016-08-05,582.65125
2016-08-06,579.3425
2016-08-07,592.37125
2016-08-08,597.40125
2016-08-09,593.3025
2016-08-10,589.6925
2016-08-11,599.85625
2016-08-12,597.4775
2016-08-13,589.59875
2016-08-14,589.08875
2016-08-15,583.6775
2016-08-16,574.4025
2016-08-17,580.51125
2016-08-18,578.29375
2016-08-19,576.16375
2016-08-20,575.89125
2016-08-21,582.855
2016-08-22,583.9475
2016-08-23,586.18375
2016-08-24,586.71875
2016-08-25,580.37625
2016-08-26,576.49625
2016-08-27,578.635
2016-08-28,575.3425
2016-08-29,575.36375
2016-08-30,574.68499
2016-08-31,576.8825
2016-09-01,573.845
2016-09-02,572.96
2016-09-03,575.26
2016-09-04,599.6025
2016-09-05,612.39374
2016-09-06,607.93625
2016-09-07,611.45
2016-09-08,615.32375
2016-09-09,628.74875
2016-09-10,624.105
2016-09-11,624.32
2016-09-12,628.5025
2016-09-13,607.97625
2016-09-14,608.9475
2016-09-15,609.62625
2016-09-16,608.47125
2016-09-17,608.54
2016-09-18,606.825
2016-09-19,609.58624
2016-09-20,609.73749
2016-09-21,608.43625
2016-09-22,596.92625
2016-09-23,596.54625
2016-09-24,602.61375
2016-09-25,603.54499
2016-09-26,601.9775
2016-09-27,607.55125
2016-09-28,607.3175
2016-09-29,604.315
2016-09-30,606.02374
2016-10-01,611.39374
2016-10-02,615.09
2016-10-03,613.38
2016-10-04,612.61375
2016-10-05,610.1575
2016-10-06,612.785
2016-10-07,611.61249
2016-10-08,617.445
2016-10-09,618.4575
2016-10-10,616.06625
2016-10-11,618.35749
2016-10-12,640.89874
2016-10-13,638.90125
2016-10-14,637.75375
2016-10-15,639.65
2016-10-16,639.98125
2016-10-17,641.1525
2016-10-18,638.62625
2016-10-19,637.76374
2016-10-20,636.36249
2016-10-21,629.91
2016-10-22,632.30125
2016-10-23,654.79999
2016-10-24,653.49375
2016-10-25,652.84124
2016-10-26,658.86749
2016-10-27,685.21375
2016-10-28,686.73
2016-10-29,701.0125
2016-10-30,718.73375
2016-10-31,709.9875
2016-11-01,710.44125
2016-11-02,735.8275
2016-11-03,744.01875
2016-11-04,744.89375
2016-11-05,706.3
2016-11-06,706.42125
2016-11-07,714.55875
2016-11-08,707.58875
2016-11-09,729.0725
2016-11-10,738.985
2016-11-11,719.34375
2016-11-12,718.2725
2016-11-13,715.7725
2016-11-14,704.65
2016-11-15,713.0725
2016-11-16,716.215
2016-11-17,746.36375
2016-11-18,752.0375
2016-11-19,751.1375
2016-11-20,754.54625
2016-11-21,753.765
2016-11-22,738.62875
2016-11-23,750.80125
2016-11-24,746.575
2016-11-25,740.87625
2016-11-26,738.51375
2016-11-27,738.155
2016-11-28,735.405
2016-11-29,734.1425
2016-11-30,734.43375
2016-12-01,744.47
2016-12-02,767.105
2016-12-03,778.1425
2016-12-04,770.12125
2016-12-05,767.24125
2016-12-06,760.40625
2016-12-07,759.89
2016-12-08,768.31875
2016-12-09,771.42
2016-12-10,773.3225
2016-12-11,775.08625
2016-12-12,769.86375
2016-12-13,788.48625
2016-12-14,781.585
2016-12-15,779.605
2016-12-16,778.2175
2016-12-17,790.83875
2016-12-18,790.30375
2016-12-19,791.16
2016-12-20,792.2825
2016-12-21,806.1975
2016-12-22,842.96625
2016-12-23,910.9325
2016-12-24,918.94875
2016-12-25,916.55625
2016-12-26,909.84625
2016-12-27,906.88875
2016-12-28,949.80625
2016-12-29,982.86875
2016-12-30,977.7925
2016-12-31,964.72625
2017-01-01,968.485
2017-01-02,1011.525
2017-01-03,1034.105
2017-01-04,1048.12375
2017-01-05,1141.9975
2017-01-06,1153.02
2017-01-07,990.37125
2017-01-08,923.7475
2017-01-09,942.0625
2017-01-10,911.99625
2017-01-11,914.02375
2017-01-12,919.55875
2017-01-13,828.08875
2017-01-14,839.23
2017-01-15,835.555
2017-01-16,834.7025
2017-01-17,848.58125
2017-01-18,914.8025
2017-01-19,901.83375
2017-01-20,905.4225
2017-01-21,921.18125
2017-01-22,936.2525
2017-01-23,936.7525
2017-01-24,926.9975
2017-01-25,922.1475
2017-01-26,901.48
2017-01-27,919.1325
2017-01-28,921.56875
2017-01-29,922.06125
2017-01-30,921.50875
2017-01-31,921.8175
2017-02-01,978.185
2017-02-02,992.41875
2017-02-03,1020.12375
2017-02-04,1024.1425
2017-02-05,1040.08625
2017-02-06,1030.33625
2017-02-07,1030.405
2017-02-08,1067.79625
2017-02-09,1072.22875
2017-02-10,1077.7625
2017-02-11,1000.98625
2017-02-12,1015.99625
2017-02-13,1008.49
2017-02-14,1007.28
2017-02-15,1016.445
2017-02-16,1021.98375
2017-02-17,1041.52375
2017-02-18,1058.60375
2017-02-19,1066.83625
2017-02-20,1061.3175
2017-02-21,1084.50375
2017-02-22,1126.48625
2017-02-23,1132.51
2017-02-24,1193.961
2017-02-25,1206.596
2017-02-26,1184.183
2017-02-27,1192.252
2017-02-28,1210.156
2017-03-01,1198.163
2017-03-02,1233.298
2017-03-03,1284.334
2017-03-04,1293.469
2017-03-05,1287.61
2017-03-06,1280.579
2017-03-07,1285.181
2017-03-08,1280.427
2017-03-09,1225.5
2017-03-10,1208.63899
2017-03-11,1325.81299
2017-03-12,1200.383
2017-03-13,1237.781
2017-03-14,1247.261
2017-03-15,1257.797
2017-03-16,1260.62999
2017-03-17,1248.29199
2017-03-18,1164.222
2017-03-19,1094.412
2017-03-20,1058.91
2017-03-21,1065.50599
2017-03-22,1119.074
2017-03-23,1101.028
2017-03-24,1053.241
2017-03-25,1014.601
2017-03-26,972.271
2017-03-27,998.56
2017-03-28,1042.901
2017-03-29,1064.52
2017-03-30,1056.89799
2017-03-31,1051.473
2017-04-01,1087.727
2017-04-02,1103.528
2017-04-03,1140.037
2017-04-04,1155.714
2017-04-05,1161.361
2017-04-06,1151.20699
2017-04-07,1202.82199
2017-04-08,1202.037
2017-04-09,1196.896
2017-04-10,1218.239
2017-04-11,1219.056
2017-04-12,1232.155
2017-04-13,1226.927
2017-04-14,1219.007
2017-04-15,1197.391
2017-04-16,1199.71
2017-04-17,1190.96499
2017-04-18,1211.73799
2017-04-19,1222.358
2017-04-20,1232.858
2017-04-21,1264.665
2017-04-22,1275.053
2017-04-23,1255.905
2017-04-24,1250.455
2017-04-25,1251.5775
2017-04-26,1270.7275
2017-04-27,1307.27875
2017-04-28,1343.5925
2017-04-29,1338.9875
2017-04-30,1333.375
2017-05-01,1371.20625
2017-05-02,1426.63375
2017-05-03,1466.88125
2017-05-04,1507.51
2017-05-05,1594.62625
2017-05-06,1591.9675
2017-05-07,1555.225
2017-05-08,1572.55375
2017-05-09,1655.7875
2017-05-10,1753.595
2017-05-11,1764.21
2017-05-12,1839.23125
2017-05-13,1799.495
2017-05-14,1784.83625
2017-05-15,1793.7325
2017-05-16,1747.04375
2017-05-17,1753.0375
2017-05-18,1823.555
2017-05-19,1918.3275
2017-05-20,1993.12375
2017-05-21,2074.69625
2017-05-22,2115.59125
2017-05-23,2289.2075
2017-05-24,2356.405
2017-05-25,2593.36666
2017-05-26,2791.695
2017-05-27,2639.905
2017-05-28,2250.1475
2017-05-29,2320.8175
2017-05-30,2339.725
2017-05-31,2329.63625
2017-06-01,2414.515
2017-06-02,2489.9775
2017-06-03,2524.80625
2017-06-04,2593.64
2017-06-05,2607.92999
2017-06-06,2911.86
2017-06-07,2967.47625
2017-06-08,2911.93875
2017-06-09,2864.365
2017-06-10,2874.69625
2017-06-11,2943.6325
2017-06-12,3025.4725
2017-06-13,3041.35833
2017-06-14,2802.9475
2017-06-15,2828.8825
2017-06-16,2522.3075
2017-06-17,2559.18874
2017-06-18,2707.06
2017-06-19,2680.1025
2017-06-20,2691.57375
2017-06-21,2822.63375
2017-06-22,2828.94375
2017-06-23,2783.75875
2017-06-24,2780.27
2017-06-25,2764.0375
2017-06-26,2696.88625
2017-06-27,2633.1075
2017-06-28,2597.27625
2017-06-29,2619.23625
2017-06-30,2620.84375
2017-07-01,2581.74125
2017-07-02,2547.0475
2017-07-03,2551.065
2017-07-04,2648.85624
2017-07-05,2659.78875
2017-07-06,2648.67999
2017-07-07,2638.09875
2017-07-08,2603.47125
2017-07-09,2588.38125
2017-07-10,2590.7525
2017-07-11,2541.55625
2017-07-12,2428.15749
2017-07-13,2448.505
2017-07-14,2437.55375
2017-07-15,2372.83374
2017-07-16,2151.72875
2017-07-17,2055.7475
2017-07-18,2246.11749
2017-07-19,2407.18874
2017-07-20,2413.485
2017-07-21,2946.36
2017-07-22,2814.5075
2017-07-23,2875.7775
2017-07-24,2836.3775
2017-07-25,2813.96875
2017-07-26,2796.92125
2017-07-27,2577.05875
2017-07-28,2749.99875
2017-07-29,2833.2375
2017-07-30,2780.2075
2017-07-31,2753.33125
2017-08-01,2902.37125
2017-08-02,2925.03375
2017-08-03,2765.5525
2017-08-04,2824.38
2017-08-05,3167.555
2017-08-06,3360.86625
2017-08-07,3325.96625
2017-08-08,3476.81875
2017-08-09,3525.0375
2017-08-10,3442.98875
2017-08-11,3474.335
2017-08-12,3741.33125
2017-08-13,4162.5725
2017-08-14,4225.4025
2017-08-15,4483.54749
2017-08-16,4470.34375
2017-08-17,4440.76124
2017-08-18,4522.13
2017-08-19,4407.79625
2017-08-20,4235.06499
2017-08-21,4218.21125
2017-08-22,4142.63875
2017-08-23,4197.76124
2017-08-24,4299.96875
2017-08-25,4420.35999
2017-08-26,4496.29249
2017-08-27,4439.29125
2017-08-28,4416.0225
2017-08-29,4455.04625
2017-08-30,4703.41749
2017-08-31,4707.5525
2017-09-01,4808.12125
2017-09-02,5013.9075
2017-09-03,4902.26124
2017-09-04,4749.02875
2017-09-05,4594.5775
2017-09-06,4529.58875
2017-09-07,4666.46625
2017-09-08,4691.97999
2017-09-09,4698.73125
2017-09-10,4394.51624
2017-09-11,4334.5075
2017-09-12,4310.79125
2017-09-13,4368.22
2017-09-14,4053.3225
2017-09-15,3896.7925
2017-09-16,3806.57875
2017-09-17,3874.62625
2017-09-18,3803.4125
2017-09-19,4080.4975
2017-09-20,4026.57
2017-09-21,4021.46
2017-09-22,3890.98
2017-09-23,3748.705
2017-09-24,3810.5375
2017-09-25,3775.7775
2017-09-26,3970.2575
2017-09-27,3968.53625
2017-09-28,4228.085
2017-09-29,4278.77625
2017-09-30,4227.43875
2017-10-01,4366.805
2017-10-02,4431.32125
2017-10-03,4462.00625
2017-10-04,4426.06125
2017-10-05,4345.28374
2017-10-06,4355.89375
2017-10-07,4417.45125
2017-10-08,4461.66
2017-10-09,4625.22
2017-10-10,4870.04125
2017-10-11,4909.18124
2017-10-12,4882.695
2017-10-13,5856.09875
2017-10-14,5813.26875
2017-10-15,5844.77125
2017-10-16,5796.2425
2017-10-17,5789.795
2017-10-18,5685.35
2017-10-19,5639.68625
2017-10-20,5735.155
2017-10-21,6112.18875
2017-10-22,6183.9825
2017-10-23,6031.74625
2017-10-24,6050.20375
2017-10-25,5769.27
2017-10-26,5784.57625
2017-10-27,5995.92625
2017-10-28,5926.64
2017-10-29,5806.9225
2017-10-30,6306.5775
2017-10-31,6218.48875
2017-11-01,6458.26625
2017-11-02,6922.9
2017-11-03,7355.35
2017-11-04,7454.03875
2017-11-05,7503.71875
2017-11-06,7601.535
2017-11-07,7423.05875
2017-11-08,7377.9625
2017-11-09,7879.06
2017-11-10,7439.385
2017-11-11,7305.295
2017-11-12,6806.04375
2017-11-13,6466.46
2017-11-14,6770.37
2017-11-15,6910.2475
2017-11-16,7336.80125
2017-11-17,7998.39625
2017-11-18,7984.68375
2017-11-19,7848.94125
2017-11-20,8101.91
2017-11-21,8286.17375
2017-11-22,8362.3025
2017-11-23,8294.495
2017-11-24,8264.3875
2017-11-25,8333.17375
2017-11-26,8909.31
2017-11-27,9682.10125
2017-11-28,9743.12375
2017-11-29,10358.30625
2017-11-30,11377.33375
2017-12-01,10681.85125
2017-12-02,11082.27
2017-12-03,11156.145
2017-12-04,11831.5125
2017-12-05,11662.84375
2017-12-06,12273.54
2017-12-07,14097.04
2017-12-08,17153.94125
2017-12-09,16590.21375
2017-12-10,15859.42375
2017-12-11,16587.8425
2017-12-12,17382.63874
2017-12-13,17615.4725
2017-12-14,17335.73125
2017-12-15,17583.2
2017-12-16,17872.555
2017-12-17,19521.7825
2017-12-18,19783.20625
2017-12-19,19227.0825
2017-12-20,18984.7675
2017-12-21,17822.56625
2017-12-22,17301.21125
2017-12-23,14976.25625
2017-12-24,15704.34625
2017-12-25,14489.48375
2017-12-26,14670.675
2017-12-27,16079.32375
2017-12-28,16476.18
2017-12-29,14997.83375
2017-12-30,15076.0625
2017-12-31,13826.04125
2018-01-01,14213.44125
2018-01-02,13892.2425
2018-01-03,15216.75625
2018-01-04,15394.98625
2018-01-05,15194.40625
2018-01-06,17118.35625
2018-01-07,17211.92375
2018-01-08,16861.20875
2018-01-09,15944.5225
2018-01-10,15360.1325
2018-01-11,14942.61125
2018-01-12,14198.5325
2018-01-13,14262.0075
2018-01-14,14536.54
2018-01-15,14245.52
2018-01-16,14307.53375
2018-01-17,13211.24625
2018-01-18,11764.13625
2018-01-19,12045.095
2018-01-20,11955.4425
2018-01-21,13007.25125
2018-01-22,12486.06625
2018-01-23,11868.715
2018-01-24,11358.33625
2018-01-25,11710.9975
2018-01-26,11629.375
2018-01-27,11540.4075
2018-01-28,11574.36125
2018-01-29,11942.255
2018-01-30,11480.56375
2018-01-31,11063.8
2018-02-01,10334.41875
2018-02-02,10169.8225
2018-02-03,9095.79999
2018-02-04,9471.45624
2018-02-05,9363.41124
2018-02-06,8346.90625
2018-02-07,7957.3425
2018-02-08,8582.92625
2018-02-09,8621.275
2018-02-10,9005.03375
2018-02-11,9070.63875
2018-02-12,8566.15875
2018-02-13,8977.0775
2018-02-14,8772.87999
2018-02-15,9722.5475
2018-02-16,10293.44
2018-02-17,10496.205
2018-02-18,11279.17875
2018-02-19,10963.68625
2018-02-20,11497.405
2018-02-21,11767.5775
2018-02-22,11180.56125
2018-02-23,10913.64875
2018-02-24,10454.48
2018-02-25,10509.625
2018-02-26,9858.15749
2018-02-27,10443.27625
2018-02-28,10953.17375
2018-03-01,11044.16125
2018-03-02,11165.6575
2018-03-03,11351.24
2018-03-04,11498.415
2018-03-05,11574.94125
2018-03-06,11660.2425
2018-03-07,11323.345
2018-03-08,10810.4775
2018-03-09,10101.28125
2018-03-10,9413.14625
2018-03-11,9505.25625
2018-03-12,9730.08124
2018-03-13,9885.2225
2018-03-14,9474.6775
2018-03-15,9260.70875
2018-03-16,8413.11125
2018-03-17,8599.54
2018-03-18,8342.135
2018-03-19,8434.9275
2018-03-20,8702.465
2018-03-21,9050.51625
2018-03-22,9159.90125
2018-03-23,9045.44249
2018-03-24,8970.66124
2018-03-25,9000.44375
2018-03-26,8660.48749
2018-03-27,8476.96875
2018-03-28,8130.44875
2018-03-29,8096.01625
2018-03-30,7868.8325
2018-03-31,7266.065
2018-04-01,7213.50375
2018-04-02,7023.0875
2018-04-03,7194.8425
2018-04-04,7506.6775
2018-04-05,7385.70875
2018-04-06,6918.6975
2018-04-07,6892.49375
2018-04-08,7050.49625
2018-04-09,7159.98
2018-04-10,7170.76
2018-04-11,6878.08375
2018-04-12,6964.0825
2018-04-13,8055.20125
2018-04-14,8218.70375
2018-04-15,8174.69875
2018-04-16,8407.7175
2018-04-17,8162.8075
2018-04-18,8151.0975
2018-04-19,8253.88625
2018-04-20,8380.25124
2018-04-21,8930.43
2018-04-22,9021.07
2018-04-23,9009.82
2018-04-24,9220.9675
2018-04-25,9746.81749
2018-04-26,9514.41375
2018-04-27,9303.01874
2018-04-28,9372.38375
2018-04-29,9536.64
2018-04-30,9472.4975
2018-05-01,9344.89125
2018-05-02,9134.9525
2018-05-03,9262.32625
2018-05-04,9790.94249
2018-05-05,9855.62875
2018-05-06,9954.95375
2018-05-07,9869.65
2018-05-08,9454.91875
2018-05-09,9426.52
2018-05-10,9360.41
2018-05-11,9383.295
2018-05-12,9002.49
2018-05-13,8642.8025
2018-05-14,8758.58124
2018-05-15,8878.945
2018-05-16,8835.5125
2018-05-17,8458.52625
2018-05-18,8373.22374
2018-05-19,8273.5375
2018-05-20,8392.77125
2018-05-21,8582.8025
2018-05-22,8566.1375
2018-05-23,8344.72374
2018-05-24,7951.8025
2018-05-25,7721.83125
2018-05-26,7651.105546959
2018-05-27,7617.845280125
2018-05-28,7431.44
2018-05-29,7386.68
2018-05-30,7562.366729247
2018-05-31,7567.8946865661
2018-06-01,7614.063907643
2018-06-02,7696.5429259941
2018-06-03,7774.8292847221
2018-06-04,7760.1783077338
2018-06-05,7671.3076224517
2018-06-06,7694.6
2018-06-07,7747
2018-06-08,7697
2018-06-09,7678
2018-06-10,7496.41
2018-06-11,6798.66293569
2018-06-12,6907.5024903778
2018-06-13,6599.7195547336
2018-06-14,6671.7886519589
2018-06-15,6642.5181931937
2018-06-16,6544.6148909901
2018-06-17,6555.9438003666
2018-06-18,6772.2491827215
2018-06-19,6808.1662713112
2018-06-20,6806.3634262527
2018-06-21,6787.4240775802
2018-06-22,6729.9005927093
2018-06-23,6313.5650375433
2018-06-24,6257.1167425294
2018-06-25,6321.1357824549
2018-06-26,6267.8720002731
2018-06-27,6160.8930649202
2018-06-28,6185.0444104434
2018-06-29,6226.6767066328
2018-06-30,6449.8920808095
2018-07-01,6445.8312444928
2018-07-02,6682.7574521996
2018-07-03,6678.1955600007
2018-07-04,6788.3074924403
2018-07-05,6699.7900318569
2018-07-06,6638
2018-07-07,6621.102557748
2018-07-08,6800.0152807201
2018-07-09,6798.9597862788
2018-07-10,6701.5491708554
2018-07-11,6400.5795891386
2018-07-12,6375.0683559545
2018-07-13,6335.6029540641
2018-07-14,6323.0382556735
2018-07-15,6398.4681526594
2018-07-16,6709.1598240101
2018-07-17,7379.2347439433
2018-07-18,7581.5707388105
2018-07-19,7557.5130873787
2018-07-20,7697.0053450404
2018-07-21,7456.4643843467
2018-07-22,7571.7404506387
2018-07-23,7805.4912488458
2018-07-24,8359.319473753
2018-07-25,8486.0116795769
2018-07-26,8313.1266808228
2018-07-27,8277.7036619011
2018-07-28,8233.4821023714
2018-07-29,8292.5156584871
2018-07-30,8274.5337573392
2018-07-31,8198.4846169029
2018-08-01,7751.8776504108
2018-08-02,7698.4871385663
2018-08-03,7533.6672633658
2018-08-04,7501.3160290672
2018-08-05,7413.1308105304
2018-08-06,7417.4086883999
2018-08-07,7412.2874611911
2018-08-08,6750.4083122841
2018-08-09,6483.4980648504
2018-08-10,6494.0163846345
2018-08-11,6473.2716582988
2018-08-12,6450.7243099506
2018-08-13,6532.5990168582
2018-08-14,6285.5576896057
2018-08-15,6587.3179578144
2018-08-16,6467.8624497653
2018-08-17,6572.9310929332
2018-08-18,6616.6767520854
2018-08-19,6539.9647240249
2018-08-20,6523.486096747
2018-08-21,6494.6650108453
2018-08-22,6882.8359061978
2018-08-23,6559.279488976
2018-08-24,6711.4936651318
2018-08-25,6781.0758889115
2018-08-26,6776.8964057782
2018-08-27,6768.3055151323
2018-08-28,7126.7305347283
2018-08-29,7133.6466309557
2018-08-30,7063.4405102579
2018-08-31,7089.1748004802
2018-09-01,7273.5269247295
2018-09-02,7339.812043633
2018-09-03,7335.4550820599
2018-09-04,7417.6670369068
2018-09-05,7399.5386039947
2018-09-06,6927.0940913586
2018-09-07,6539.7988126144
2018-09-08,6479.2026402878
2018-09-09,6447.3137818127
2018-09-10,6379.8101101151
2018-09-11,6278.4770014947
2018-09-12,6278.1280336098
2018-09-13,6284.2477044468
2018-09-14,6287.3646496692
2018-09-15,6286.252577777
2018-09-16,6282.0950069528
2018-09-17,6282.8008768145
2018-09-18,6280.9622972434
2018-09-19,6291.6152000423
2018-09-20,6532.96
2018-09-21,6327.3668657868
2018-09-22,6319.3257273949
2018-09-23,6294.3462737454
2018-09-24,6662.4231336286
2018-09-25,6480.6880894274
2018-09-26,6559.4844280412
2018-09-27,6737.9438444368
2018-09-28,6799.9307214967
2018-09-29,6633.7609491965
2018-09-30,6664.3942294941
2018-10-01,6659.7968600971
2018-10-02,6585.4753112175
2018-10-03,6578.0015415591
2018-10-04,6642.0053618108
2018-10-05,6680.7751539016
2018-10-06,6644.5644760065
2018-10-07,6637.2232914797
2018-10-08,6696.4958135247
2018-10-09,6676.2308586929
2018-10-10,6663.0209787939
2018-10-11,6628.5829968309
2018-10-12,6350.7841687247
2018-10-13,6336.0911011569
2018-10-14,6408.6016409278
2018-10-15,7586.5246341774
2018-10-16,6897.0334414135
2018-10-17,6802.158611597
2018-10-18,6486.4749219109
2018-10-19,6407.227987545
2018-10-20,6438.7903466416
2018-10-21,6472.834459348
2018-10-22,6437.0745568411
2018-10-23,6434.9777026874
2018-10-24,6460.2498037062
2018-10-25,6421.7832074351
2018-10-26,6448.0285064617
2018-10-27,6442.8894143342
2018-10-28,6442.0903728704
2018-10-29,6439.4576962046
2018-10-30,6313.2724566474
2018-10-31,6394.7834311905
2018-11-01,6376.6562270431
2018-11-02,6409.156465813
2018-11-03,6371.2379695068
2018-11-04,6473.7784382572
2018-11-05,6440.957227671
2018-11-06,6449.9987451721
2018-11-07,6553.951931748
2018-11-08,6530.7336614239
2018-11-09,6433.2531853235
2018-11-10,6396.877363663
2018-11-11,6380.8134341094
2018-11-12,6391.766567815
2018-11-13,6331.4876341914
2018-11-14,6295.9538659491
2018-11-15,5692.0689524537
2018-11-16,5608.7225883851
2018-11-17,5564.0289679111
2018-11-18,5638.9769731761
2018-11-19,5610.1495510444
2018-11-20,4888.6227118272
2018-11-21,4631.902484782
2018-11-22,4591.8791150933
2018-11-23,4405.7445849197
2018-11-24,4378.5098917473
2018-11-25,4101.9993874026
2018-11-26,4064.7482167097
2018-11-27,3830.8201418608
2018-11-28,4341.4399220735
2018-11-29,4400.4625831009
2018-11-30,4299.9763743864
2018-12-01,4251.3699479575
2018-12-02,4255.9540212471
2018-12-03,4104.8589568089
2018-12-04,4034.5315580589
2018-12-05,3913.5317755509
2018-12-06,3838.1209766583
2018-12-07,3621.5012565288
2018-12-08,3475.9301775671
2018-12-09,3642.4148503997
2018-12-10,3591.2367342495
2018-12-11,3428.1004177574
2018-12-12,3474.3913555499
2018-12-13,3435.1424732744
2018-12-14,3300.6513939453
2018-12-15,3227.8674198728
2018-12-16,3256.6003258844
2018-12-17,3579.8148841419
2018-12-18,3573.2403351297
2018-12-19,3929.0984909421
2018-12-20,4160.2967260415
2018-12-21,4164.5506507301
2018-12-22,3929.8595909537
2018-12-23,4052.2305472168
2018-12-24,4241.4361339864
2018-12-25,4045.5720841772
2018-12-26,3869.4011644061
2018-12-27,3842.3117925732
2018-12-28,3945.2446489655
2018-12-29,3941.09
2018-12-30,3864.73
2018-12-31,3690.3067917937
2019-01-01,3741.8818553972
2019-01-02,3900.7091270403
2019-01-03,3916.1976844374
2019-01-04,3844.986111038
2019-01-05,3866.4174315002
2019-01-06,4063.9453560949
2019-01-07,4060.8647998529
2019-01-08,4096.3830349478
2019-01-09,4023.7344900783
2019-01-10,4025.5283108917
2019-01-11,3676.7323463205
2019-01-12,3644.3441048105
2019-01-13,3642.0477232305
2019-01-14,3696.0690013667
2019-01-15,3679.7036556421
2019-01-16,3662.9187293804
2019-01-17,3644.7312977719
2019-01-18,3641.9610380994
2019-01-19,3735.3565403606
2019-01-20,3701.4548021804
2019-01-21,3558.2338181581
2019-01-22,3605.7416768987
2019-01-23,3608.8769021965
2019-01-24,3591.5938974426
2019-01-25,3574.1243701222
2019-01-26,3648.4999031042
2019-01-27,3564.954936082
2019-01-28,3541.4171613861
2019-01-29,3438.0683712479
2019-01-30,3460.2319504376
2019-01-31,3471.2474609692
2019-02-01,3454.4143010866
2019-02-02,3453.6943391505
2019-02-03,3487.5719731172
2019-02-04,3442.6380964385
2019-02-05,3433.6896318768
2019-02-06,3441.9204599448
2019-02-07,3380.7838372438
2019-02-08,3702.4815714913
2019-02-09,3638.4942900867
2019-02-10,3631.0382194861
2019-02-11,3653.1166205433
2019-02-12,3616.4232425127
2019-02-13,3625.7904946388
2019-02-14,3587.7735125697
2019-02-15,3617.5201309069
2019-02-16,3607.9635038149
2019-02-17,3662.6204110155
2019-02-18,3925.1213667493
2019-02-19,3975.8895982273
2019-02-20,3964.5554961653
2019-02-21,3979.0579285253
2019-02-22,3953.5348129144
2019-02-23,4146.0112742329
2019-02-24,4178.6586138045
2019-02-25,3852.370301297
2019-02-26,3831.0290648074
2019-02-27,3824.1658793727
2019-02-28,3879.2311846694
2019-03-01,3840.0448230745
2019-03-02,3819.1943561235
2019-03-03,3818.6954813471
2019-03-04,3804.3536162349
2019-03-05,3866.7187042421
2019-03-06,3881.9657697745
2019-03-07,3890.7454923564
2019-03-08,3917.9975657866
2019-03-09,3948.8841402936
2019-03-10,3921.934211189
2019-03-11,3913.4555196012
2019-03-12,3879.9716038316
2019-03-13,3873.719094248
2019-03-14,3897.7257096203
2019-03-15,3908.2782944187
2019-03-16,4033.6827769674
2019-03-17,3992.6055063928
2019-03-18,4020.8924136856
2019-03-19,4020.0070715102
2019-03-20,4034.5264965308
2019-03-21,4053.5380561331
2019-03-22,4002.5323162845
2019-03-23,4006.9845681341
2019-03-24,3990.9652916493
2019-03-25,3982.2327641875
2019-03-26,3928.9794272178
2019-03-27,4030.3576407268
2019-03-28,4033.3865237994
2019-03-29,4100.1491192074
2019-03-30,4128.4151017141
2019-03-31,4104.5362539203
2019-04-01,4148.6617997836
2019-04-02,4961.78030632
2019-04-03,5325.2338770174
2019-04-04,5071.5896135415
2019-04-05,5060.7032027976
2019-04-06,5229.9575509425
2019-04-07,5247.4649314366
2019-04-08,5343.2470926415
2019-04-09,5285.8634204236
2019-04-10,5450.989154256
2019-04-11,5342.5239018413
2019-04-12,5098.6060391669
2019-04-13,5117.6210450332
2019-04-14,5167.4313400271
2019-04-15,5181.9270002699
2019-04-16,5218.961540392
2019-04-17,5253.8619606622
2019-04-18,5310.4870454049
2019-04-19,5345.7593029787
2019-04-20,5353.2868301723
2019-04-21,5330.9173143936
2019-04-22,5408.8419630351
2019-04-23,5622.4818679657
2019-04-24,5614.992209124
2019-04-25,5505.1319530759
2019-04-26,5274.6954852413
2019-04-27,5218.8151827909
2019-04-28,5208.3476561134
2019-04-29,5192.0253391672
2019-04-30,5292.6053854377
2019-05-01,5351.3591428566
2019-05-02,5427.4883938579
2019-05-03,5791.2114632021
2019-05-04,5829.9489133851
2019-05-05,5787.6454782757
2019-05-06,5750.5656087971
2019-05-07,5956.1501039829
2019-05-08,5942.4108923254
2019-05-09,6159.6859018287
2019-05-10,6426.8312070424
2019-05-11,7337.3221812437
2019-05-12,7577.7706750947
2019-05-13,8148.5610875384
2019-05-14,8353.869652476
2019-05-15,8260.9531103939
2019-05-16,8360.3001909545
2019-05-17,7935.9747702379
2019-05-18,7490.7942004206
2019-05-19,8242.3575083983
2019-05-20,8296.5456029187
2019-05-21,8092.6791543296
2019-05-22,8018.7545463135
2019-05-23,7973.2306311433
2019-05-24,8171.8008380369
2019-05-25,8130.5776342088
2019-05-26,8780.7820298591
2019-05-27,8937.2464912039
2019-05-28,8819.6662969235
2019-05-29,8756.2424429279
2019-05-30,9084.1499973709
2019-05-31,8544.6432253438
2019-06-01,8622.7299806059
2019-06-02,8830.1821538398
2019-06-03,8765.7434622966
2019-06-04,8108.1595685263
2019-06-05,7922.561139389
2019-06-06,7920.5270486164
2019-06-07,8134.1668204893
2019-06-08,8074.5935388233
2019-06-09,7964.0245354802
2019-06-10,8064.9001353225
2019-06-11,8048.2226611274
2019-06-12,8249.4160670662
2019-06-13,8330.6643517846
2019-06-14,8694.0229660645
2019-06-15,8897.9960229216
2019-06-16,9381.8197140209
2019-06-17,9409.3424621723
2019-06-18,9357.7732559976
2019-06-19,9285.4167158334
2019-06-20,9599.9153349725
2019-06-21,9941.5270774672
2019-06-22,11190.567798926
2019-06-23,11307.6935457487
2019-06-24,11104.1005162022
2019-06-25,11704.6218958232
2019-06-26,13879.2377057928
2019-06-27,13328.5803127139
2019-06-28,12402.0435115035
2019-06-29,12381.0417016965
2019-06-30,12187.3066985264
2019-07-01,11196.9957508963
2019-07-02,10933.8150039945
2019-07-03,11967.6544411845
2019-07-04,12044.0795511745
2019-07-05,11440.8557302556
2019-07-06,11735.5709361591
2019-07-07,11593.1177650972
2019-07-08,12354.4630323692
2019-07-09,12815.6790357556
2019-07-10,13175.6877367065
2019-07-11,12188.1778430704
2019-07-12,11919.9220616201
2019-07-13,11830.8083720294
2019-07-14,11463.2425199775
2019-07-15,10954.8240496507
2019-07-16,11075.3528200893
2019-07-17,9972.2451099106
2019-07-18,10740.9887019
2019-07-19,10797.6384591308
2019-07-20,11035.4259323072
2019-07-21,11096.7744188936
2019-07-22,10685.2481729702
2019-07-23,10338.63883502
2019-07-24,9916.4775798314
2019-07-25,10184.4403703329
2019-07-26,9924.6025631283
2019-07-27,10193.5339692602
2019-07-28,9603.3192747289
2019-07-29,9717.5142776084
2019-07-30,9719.981661389
2019-07-31,10132.4047252828
2019-08-01,10474.7817377768
2019-08-02,10663.6187858619
2019-08-03,10909.2559240906
2019-08-04,11051.9857922455
2019-08-05,11940.4838657553
2019-08-06,12314.107664862
2019-08-07,12129.4097391128
2019-08-08,12032.0465280883
2019-08-09,12027.2599058138
2019-08-10,11967.8779622672
2019-08-11,11545.1045253183
2019-08-12,11583.8906973405
2019-08-13,11434.8885296357
2019-08-14,10860.8239741865
2019-08-15,10444.0799631082
2019-08-16,10530.365307162
2019-08-17,10463.9187086365
2019-08-18,10462.7495056741
2019-08-19,10812.7970799622
2019-08-20,10943.8704129867
2019-08-21,10818.5891317862
2019-08-22,10229.0170057546
2019-08-23,10450.2923381724
2019-08-24,10408.9638527379
2019-08-25,10292.8410213641
2019-08-26,10624.6051684248
2019-08-27,10402.2974923049
2019-08-28,10279.2542249405
2019-08-29,9747.1198283495
2019-08-30,9682.7255361249
2019-08-31,9699.8643785368
2019-09-01,9819.1586219728
2019-09-02,10440.2204552588
2019-09-03,10752.421494933
2019-09-04,10810.0181694004
2019-09-05,10643.9460656338
2019-09-06,10928.3438130991
2019-09-07,10563.7108903098
2019-09-08,10595.1955635918
2019-09-09,10524.3869543828
2019-09-10,10380.3065877429
2019-09-11,10269.0303923868
2019-09-12,10459.9266066139
2019-09-13,10447.3886320838
2019-09-14,10425.9118165804
2019-09-15,10381.5645871136
2019-09-16,10373.063508627
2019-09-17,10304.6236445462
2019-09-18,10263.8233825536
2019-09-19,10286.0107495563
2019-09-20,10289.215657675
2019-09-21,10179.7424745144
2019-09-22,10083.0981311308
2019-09-23,10062.9198651927
2019-09-24,9770.1614839288
2019-09-25,8741.5095614673
2019-09-26,8462.412485799
2019-09-27,8286.7432634801
2019-09-28,8321.1605871808
2019-09-29,8228.6414937867
2019-09-30,8331.291685876
2019-10-01,8508.7054089532
2019-10-02,8388.0158617972
2019-10-03,8412.6500471359
2019-10-04,8240.9487694807
2019-10-05,8196.2495136292
2019-10-06,8171.5682535605
2019-10-07,8304.1401391898
2019-10-08,8316.9906726779
2019-10-09,8691.0726909608
2019-10-10,8654.3827760417
2019-10-11,8796.4572820666
2019-10-12,8406.1424145675
2019-10-13,8468.9736397711
2019-10-14,8385.553410467
2019-10-15,8420
2019-10-16,8184.3864357352
2019-10-17,8120.1211057353
2019-10-18,8121.0458847574
2019-10-19,8095.9033915042
2019-10-20,8306.0049011291
2019-10-21,8346.5564972109
2019-10-22,8309.6653283231
2019-10-23,8054.9948877667
2019-10-24,7503.5997636313
2019-10-25,8762.6804975733
2019-10-26,10332.4095068033
2019-10-27,9813.4438845701
2019-10-28,9930.9740212146
2019-10-29,9551.7787262272
2019-10-30,9468.9632450573
2019-10-31,9425.4499396045
2019-11-01,9291.1176443276
2019-11-02,9377.0845217723
2019-11-03,9362.6331368704
2019-11-04,9526.1651953663
2019-11-05,9466.0709611156
2019-11-06,9439.2157352965
2019-11-07,9364.5908136105
2019-11-08,9247.6143524101
2019-11-09,8881.9090867746
2019-11-10,9123.3385109165
2019-11-11,9096.0262777344
2019-11-12,8856.3815562048
2019-11-13,8837.9212515235
2019-11-14,8785.0541994457
2019-11-15,8763.903472235
2019-11-16,8539.1321737562
2019-11-17,8624.9563052093
2019-11-18,8500.6464893105
2019-11-19,8205.8100433327
2019-11-20,8215.6195886669
2019-11-21,8118.1139955905
2019-11-22,7717.8020876528
2019-11-23,7354.8626346009
2019-11-24,7338.6986773229
2019-11-25,7368.1473890049
2019-11-26,7336.3010102776
2019-11-27,7660.640370473
2019-11-28,7647.5180888521
2019-11-29,7856.6079055294
2019-11-30,7805.0293223847
2019-12-01,7564.9400791923
2019-12-02,7440.61573641
2019-12-03,7407.4107747383
2019-12-04,7767.9087248467
2019-12-05,7488.1377716159
2019-12-06,7583.3874556567
2019-12-07,7619.6660178313
2019-12-08,7573.1560176261
2019-12-09,7652.7426061678
2019-12-10,7394.5046757608
2019-12-11,7269.4743912492
2019-12-12,7282.3361427744
2019-12-13,7297.5888943435
2019-12-14,7271.5711842833
2019-12-15,7198.3238397492
2019-12-16,7139.5802433663
2019-12-17,6933.7411793769
2019-12-18,7424.0640296275
2019-12-19,7367.1588561057
2019-12-20,7177.3921510618
2019-12-21,7328.9308126043
2019-12-22,7356.6405191403
2019-12-23,7498.7973044554
2019-12-24,7292.0067358272
2019-12-25,7277.8041110461
2019-12-26,7427.4722801559
2019-12-27,7251.38124578
2019-12-28,7348.7897943166
2019-12-29,7520.6370340888
2019-12-30,7396.6033217963
2019-12-31,7298.8920416221
2020-01-01,7237.014865974
2020-01-02,7190.1887492761
2020-01-03,7390.0418350594
2020-01-04,7390.7629353266
2020-01-05,7487.3338707877
2020-01-06,7749.6486132989
2020-01-07,8192.1588771153
2020-01-08,8463.1834184145
2020-01-09,8046.2838824034
2020-01-10,8136.4991260981
2020-01-11,8278.6605796425
2020-01-12,8188.3858023401
2020-01-13,8191.1877148195
2020-01-14,8848.9219945188
2020-01-15,8897.643792588
2020-01-16,8855.5301353874
2020-01-17,9009.5337001471
2020-01-18,8971.8906323129
2020-01-19,9181.9727908014
2020-01-20,8739.3538192252
2020-01-21,8783.7501000075
2020-01-22,8797.7736140327
2020-01-23,8665.2724059751
2020-01-24,8512.454206647
2020-01-25,8458.2839929308
2020-01-26,8597.9041431215
2020-01-27,8982.0354404362
2020-01-28,9176.3886480302
2020-01-29,9432.6774872835
2020-01-30,9633.2510350153
2020-01-31,9558.4326133253
2020-02-01,9451.0645797253
2020-02-02,9465.4879070367
2020-02-03,9603.1055824836
2020-02-04,9349.2470579603
2020-02-05,9745.1713772974
2020-02-06,9856.4477732891
2020-02-07,9872.6160693597
2020-02-08,9939.6715013086
2020-02-09,10175.9070114234
2020-02-10,10197.1992831582
2020-02-11,10351.4559262839
2020-02-12,10489.7798581491
2020-02-13,10516.9179252276
2020-02-14,10598.0301607446
2020-02-15,10397.5364799673
2020-02-16,10052.3546170894
2020-02-17,9966.09538429
2020-02-18,10272.7948244353
2020-02-19,10290.3042606394
2020-02-20,9704.6926251028
2020-02-21,9770.3406915984
2020-02-22,9724.3363918137
2020-02-23,10008.5404721395
2020-02-24,10008.3784911882
2020-02-25,9679.5950897831
2020-02-26,9393.8641369143
2020-02-27,8977.5855649234
2020-02-28,8904.1262180007
2020-02-29,8806.8449653776
2020-03-01,8747.7257181204
2020-03-02,8977.3332033247
2020-03-03,8919.2637483471
2020-03-04,8852.2566596498
2020-03-05,9172.1382578197
2020-03-06,9191.1503397165
2020-03-07,9204.6723591899
2020-03-08,8925.3830385259
2020-03-09,8256.1255068954
2020-03-10,8159.1579194117
2020-03-11,7984.60248779
2020-03-12,7977.8436803201
2020-03-13,6013.2528924193
2020-03-14,5809.6402964717
2020-03-15,6115.8344783085
2020-03-16,5439.4667029544
2020-03-17,5558.1292949021
2020-03-18,5466.942335409
2020-03-19,6428.7804432327
2020-03-20,6942.9352678443
2020-03-21,6470.3547667067
2020-03-22,6431.8731619281
2020-03-23,6620.8582532297
2020-03-24,6863.6021964479
2020-03-25,6981.7203862999
2020-03-26,6796.0537009424
2020-03-27,6865.5414242377
2020-03-28,6688.0432774437
2020-03-29,6284.2724607738
2020-03-30,6615.7864800561
2020-03-31,6533.0649088302
2020-04-01,6605.4444557466
2020-04-02,7212.7251455572
2020-04-03,7049.7063662037
2020-04-04,7003.1261340455
2020-04-05,6908.855128041
2020-04-06,7319.9780929005
2020-04-07,7464.7322447448
2020-04-08,7424.7437205815
2020-04-09,7399.4691329835
2020-04-10,7325.3247779259
2020-04-11,6949.7888750096
2020-04-12,7201.9903551464
2020-04-13,7050.7710252237
2020-04-14,6991.3263967632
2020-04-15,6942.9070804085
2020-04-16,7178.7658941716
2020-04-17,7200.3172088039
2020-04-18,7301.814370888
2020-04-19,7292.862985328
2020-04-20,7221.9159066607
2020-04-21,6954.0051366353
2020-04-22,7165.5200044019
2020-04-23,7725.6716992521
2020-04-24,7608.3111430331
2020-04-25,7702.0189800703
2020-04-26,7707.5942705341
2020-04-27,7798.2766558804
2020-04-28,7793.6360176131
2020-04-29,8973.0792774804
2020-04-30,9469.0784232378
2020-05-01,9073.817530476
2020-05-02,9037.3419273063
2020-05-03,9223.3855340319
2020-05-04,8968.5322344028
2020-05-05,9112.8661506733
2020-05-06,9392.6354471211
2020-05-07,9958.7339977809
2020-05-08,10062.7159146252
2020-05-09,9957.1109283117
2020-05-10,9650.0186029482
2020-05-11,9176.1863902424
2020-05-12,8980.6245047804
2020-05-13,9416.5901827296
2020-05-14,9940.9560817515
2020-05-15,9848.1853608679
2020-05-16,9583.062439468
2020-05-17,9879.7120397774
2020-05-18,9933.9762248941
2020-05-19,9899.77599404
2020-05-20,9834.55781877
2020-05-21,9571.081814946
2020-05-22,9265.2515997115
2020-05-23,9311.8493382119
2020-05-24,9301.1793115488
2020-05-25,9051.6929603465
2020-05-26,9010.8974427745
2020-05-27,9224.7449647518
2020-05-28,9523.4574741366
2020-05-29,9621.6132306645
2020-05-30,9732.9439791453
2020-05-31,9698.1408541243
2020-06-01,10357.7891656244
2020-06-02,10292.7030968576
2020-06-03,9680.2064436579
2020-06-04,9875.6621271187
2020-06-05,9860.2314469319
2020-06-06,9736.2711280708
2020-06-07,9804.4464866884
2020-06-08,9803.5735159591
2020-06-09,9870.5193874417
2020-06-10,9979.7155257569
2020-06-11,9962.1803308167
2020-06-12,9558.7706017956
2020-06-13,9492.8998835231
2020-06-14,9481.6974527721
2020-06-15,9498.609998889
2020-06-16,9595.2229348834
2020-06-17,9557.4684199857
2020-06-18,9480.3744873948
2020-06-19,9427.1776609648
2020-06-20,9391.0250942378
2020-06-21,9412.6485046188
2020-06-22,9775.102839222
2020-06-23,9720.7652405271
2020-06-24,9678.9860797608
2020-06-25,9333.3460568584
2020-06-26,9292.2453669875
2020-06-27,9192.7682653593
2020-06-28,9190.1174784507
2020-06-29,9233.5293611412
2020-06-30,9201.6487941318
2020-07-01,9300.9989833628
2020-07-02,9267.1230218636
2020-07-03,9132.985825035
2020-07-04,9190.8189866829
2020-07-05,9149.7655840554
2020-07-06,9356.3274209406
2020-07-07,9374.0835326574
2020-07-08,9472.0800667072
2020-07-09,9449.9112433728
2020-07-10,9260.349784693
2020-07-11,9304.9625505212
2020-07-12,9349.001062043
2020-07-13,9339.8069862093
2020-07-14,9279.0932219554
2020-07-15,9275.4524402921
2020-07-16,9219.4264918104
2020-07-17,9186.9617904779
2020-07-18,9212.5209440085
2020-07-19,9197.7265235545
2020-07-20,9223.0765201485
2020-07-21,9445.5793193109
2020-07-22,9551.9964118569
2020-07-23,9681.9094523032
2020-07-24,9646.9571178644
2020-07-25,9746.5560964971
2020-07-26,10135.8821643264
2020-07-27,11394.8487535237
2020-07-28,11254.5513449472
2020-07-29,11318.0870993111
2020-07-30,11180.4306350356
2020-07-31,11467.9505883319
2020-08-01,11880.7736350462
2020-08-02,12117.677084322
2020-08-03,11480.2833822028
2020-08-04,11400.064190075
2020-08-05,11791.103226516
2020-08-06,11917.765041122
2020-08-07,11917.8591535984
2020-08-08,11814.9566576843
2020-08-09,11802.6629274829
2020-08-10,12070.4418199443
2020-08-11,11941.651803396
2020-08-12,11626.2378361915
2020-08-13,11795.4357474646
2020-08-14,11867.2829097954
2020-08-15,11987.6515538818
2020-08-16,11938.876104565
2020-08-17,12476.6970382192
2020-08-18,12391.8407139912
2020-08-19,12029.757987286
2020-08-20,11899.9634080996
2020-08-21,11890.0316581913
2020-08-22,11694.4704937309
2020-08-23,11726.2345831963
2020-08-24,11835.3592754944
2020-08-25,11771.3353010036
2020-08-26,11546.2023922422
2020-08-27,11594.646260832
2020-08-28,11553.5391758695
2020-08-29,11586.306568912
2020-08-30,11694.6708006309
2020-08-31,11799.5294386036
2020-09-01,12070.2274056138
2020-09-02,11954.16267982
2020-09-03,11470.8070207892
2020-09-04,10644.2411739565
2020-09-05,10574.3073061536
2020-09-06,10355.6524945565
2020-09-07,10383.1192364612
2020-09-08,10444.1711251332
2020-09-09,10352.4151885305
2020-09-10,10483.5612078481
2020-09-11,10403.7556825787
2020-09-12,10484.8758976063
2020-09-13,10585.8806609663
2020-09-14,10759.1361004772
2020-09-15,10944.6513147568
2020-09-16,11103.7964773236
2020-09-17,11061.2846341274
2020-09-18,11035.0532006914
2020-09-19,11180.3953060606
2020-09-20,11085.4290035282
2020-09-21,10991.6945403675
2020-09-22,10579.3013124516
2020-09-23,10541.1688820786
2020-09-24,10712.4992539564
2020-09-25,10759.7110963479
2020-09-26,10777.5759148102
2020-09-27,10802.3740721686
2020-09-28,10948.0626580689
2020-09-29,10793.6034928953
2020-09-30,10849.7307262805
2020-10-01,10931.6335029085
2020-10-02,10670.7105642163
2020-10-03,10609.2374802825
2020-10-04,10702.511383231
2020-10-05,10770.4630113184
2020-10-06,10798.9813154544
2020-10-07,10680.6412336426
2020-10-08,10949.3433682848
2020-10-09,11106.3344556469
2020-10-10,11484.1644844347
2020-10-11,11436.2114811727
2020-10-12,11723.6438586845
2020-10-13,11564.6400594222
2020-10-14,11540.0649248376
2020-10-15,11610.2503973752
2020-10-16,11544.4860094834
2020-10-17,11410.1636831398
2020-10-18,11486.9854110308
2020-10-19,11825.6477430236
2020-10-20,11993.9258790889
2020-10-21,13109.1659719966
2020-10-22,13192.2528680567
2020-10-23,13029.9638916088
2020-10-24,13168.3388281505
2020-10-25,13342.7502810151
2020-10-26,13243.9958996727
2020-10-27,13756.3317007068
2020-10-28,13847.5335152864
2020-10-29,13640.1389353
2020-10-30,13667.7472267308
2020-10-31,14093.0529474286
2020-11-01,13907.3129511633
2020-11-02,13837.8511820722
2020-11-03,13842.4745440347
2020-11-04,14257.5297066562
2020-11-05,15494.5781747216
2020-11-06,15971.6414160533
2020-11-07,15764.1046995842
2020-11-08,15657.1290415238
2020-11-09,15810.7737858324
2020-11-10,15448.4127535465
2020-11-11,15973.0760779871
2020-11-12,16348.4627957539
2020-11-13,16487.4881476243
2020-11-14,16333.5131389819
2020-11-15,16167.3969220473
2020-11-16,16885.5801948686
2020-11-17,17831.2311843388
2020-11-18,18358.9762512732
2020-11-19,18170.8302741776
2020-11-20,18813.4076918441
2020-11-21,18964.6435144085
2020-11-22,18732.9913156418
2020-11-23,18752.160039632
2020-11-24,19392.9086751275
2020-11-25,19391.4636603479
2020-11-26,18908.6355321966
2020-11-27,17482.2001046051
2020-11-28,17901.3826229953
2020-11-29,18356.3132272691
2020-11-30,19850.1144867831
2020-12-01,19920.5342631125
2020-12-02,19357.1645864629
2020-12-03,19607.8553439685
2020-12-04,19539.8623502689
2020-12-05,19200.7919144938
2020-12-06,19347.6249102199
2020-12-07,19433.0974949195
2020-12-08,19299.047083554
2020-12-09,18618.9601329047
2020-12-10,18565.2161669202
2020-12-11,18293.5527323749
2020-12-12,18956.3444440705
2020-12-13,19408.6746531608
2020-12-14,19323.1653148993
2020-12-15,19552.3719782745
2020-12-16,21447.5238524765
2020-12-17,23770.8465691182
2020-12-18,23261.2528803313
2020-12-19,24122.6732679864
2020-12-20,24273.0415046035
2020-12-21,24081.0530944132
2020-12-22,23629.4044602146
2020-12-23,24086.9506606215
2020-12-24,23737.7571494804
2020-12-25,24627.297913983
2020-12-26,26750.8799540068
2020-12-27,28352.6278235304
2020-12-28,27447.5513835111
2020-12-29,27169.2255580213
2020-12-30,28928.2143914654
2020-12-31,29280.0453282743
2021-01-01,29601.5948984761
2021-01-02,33064.6735343199
2021-01-03,34452.0803367239
2021-01-04,33358.3993456031
2021-01-05,34435.4174754116
2021-01-06,36461.6917738274
2021-01-07,40324.0140328883
2021-01-08,41962.3621250156
2021-01-09,41375.4306807605
2021-01-10,41186.5234299068
2021-01-11,38204.7544098997
2021-01-12,36566.9090630439
2021-01-13,37798.8601044987
2021-01-14,40066.3197563039
2021-01-15,39673.0723008878
2021-01-16,37943.5121652479
2021-01-17,36840.1328539
2021-01-18,37440.4040115605
2021-01-19,37876.1589287651
2021-01-20,36409.7085963005
2021-01-21,35612.7371984016
2021-01-22,33873.7729879217
2021-01-23,33501.248445319
2021-01-24,33088.5485468723
2021-01-25,34893.984019267
2021-01-26,32770.8046094116
2021-01-27,32570.2815018184
2021-01-28,33481.4854175656
2021-01-29,38468.0782896097
2021-01-30,34920.2911469008
2021-01-31,34373.7340050826
2021-02-01,34715.6557313683
2021-02-02,36008.3108158761
2021-02-03,37505.3037068082
2021-02-04,38731.0879518096
2021-02-05,38332.4169205185
2021-02-06,40999.046843054
2021-02-07,39698.0658963504
2021-02-08,44981.8599987139
2021-02-09,48226.2508883909
2021-02-10,47374.3559087009
2021-02-11,48600.631934831
2021-02-12,48925.5344821123
2021-02-13,48189.7779898626
2021-02-14,49716.4363790221
2021-02-15,49037.9161086163
2021-02-16,50584.8489491944
2021-02-17,52621.8350655614
2021-02-18,52532.2971174498
2021-02-19,56283.5498409308
2021-02-20,57487.0283054604
2021-02-21,58332.3646162063
2021-02-22,57535.8634824952
2021-02-23,54180.2321793164
2021-02-24,51413.6135567667
2021-02-25,52076.3177229818
2021-02-26,48453.7386345789
2021-02-27,48353.0009997272
2021-02-28,46675.1978497681
2021-03-01,49520.7249935968
2021-03-02,50211.4371703528
2021-03-03,52636.222987521
2021-03-04,51781.967830174
2021-03-05,49462.1330062648
2021-03-06,49173.7618742134
2021-03-07,51222.8723000143
2021-03-08,51916.4139456018
2021-03-09,54804.0784533568
2021-03-10,57336.7454125548
2021-03-11,58034.7039641727
2021-03-12,58077.9516003434
2021-03-13,61556.5944921945
2021-03-14,61453.0583419279
2021-03-15,60570.6936530492
2021-03-16,56821.8824352676
2021-03-17,58923.5489310284
2021-03-18,60074.3698484262
2021-03-19,59461.7752558814
2021-03-20,59919.2117705724
2021-03-21,58649.1341945667
2021-03-22,58407.6192058119
2021-03-23,55858.3692503114
2021-03-24,57225.2988140147
2021-03-25,53209.4063842316
2021-03-26,54806.8815135324
2021-03-27,56520.3072872845
2021-03-28,56541.0065274396
2021-03-29,58353.5293934274
2021-03-30,59379.9921589643
2021-03-31,59835.392334136
2021-04-01,59458.9845627677
2021-04-02,60101.7523258852
2021-04-03,59713.2101360277
2021-04-04,58540.9847064005
2021-04-05,59243.0361752688
2021-04-06,59484.1994747287
2021-04-07,58645.7729706819
2021-04-08,58179.6568636965
2021-04-09,58880.8216078339
2021-04-10,61065.2226248324
2021-04-11,60588.4719725509
2021-04-12,61219.7186131498
2021-04-13,63707.342359208
2021-04-14,64801.787869525
2021-04-15,63850.2507346948
2021-04-16,63520.3253743417
2021-04-17,62534.0284980254
2021-04-18,60531.9888482489
2021-04-19,57609.3681180061
2021-04-20,57121.9439016309
2021-04-21,56809.1463930716
2021-04-22,55471.076371955
2021-04-23,52111.1850681793
2021-04-24,51253.4429476246
2021-04-25,50668.6590249368
2021-04-26,54398.5927883666
2021-04-27,55398.0741517103
2021-04-28,56458.6358118116
2021-04-29,55224.9079561952
2021-04-30,57434.9331269941
2021-05-01,58511.2560485114
2021-05-02,57925.7415674161
2021-05-03,59001.3596421217
2021-05-04,57246.8911912062
2021-05-05,57977.6134230368
2021-05-06,58368.6820919958
2021-05-07,58724.1107779691
2021-05-08,59575.4631145794
2021-05-09,59249.141676133
2021-05-10,59560.0254591057
2021-05-11,56956.075029342
2021-05-12,58036.5097771205
2021-05-13,51448.7985760232
2021-05-14,51578.3125446899
2021-05-15,50690.8029495356
2021-05-16,49670.4141738148
2021-05-17,46622.8534374849
2021-05-18,45850.2316654333
2021-05-19,43604.5695856053
2021-05-20,42589.8639646786
2021-05-21,42278.0051781578
2021-05-22,38889.8596935707
2021-05-23,38267.2992786252
2021-05-24,39966.8764703305
2021-05-25,39855.1163404691
2021-05-26,40894.4367678487
2021-05-27,40430.2137318985
2021-05-28,38899.1654018358
2021-05-29,37320.4820161704
2021-05-30,36522.2115295287
2021-05-31,37485.6984913139
2021-06-01,37818.4781925202
2021-06-02,38214.7924582884
2021-06-03,39473.2974301865
2021-06-04,39287.3129485423
2021-06-05,37956.2644327046
2021-06-06,36492.4470628464
2021-06-07,36782.0879378371
2021-06-08,34080.4204647756
2021-06-09,37332.4514436064
2021-06-10,38461.2507399427
2021-06-11,37587.3985526293
2021-06-12,37459.9602847604
2021-06-13,39295.8486585453
2021-06-14,41046.7695234004
2021-06-15,41316.6024977708
2021-06-16,40484.5042466126
2021-06-17,39535.5838808787
2021-06-18,38208.8562505885
2021-06-19,36474.0332676665
2021-06-20,36119.7997385886
2021-06-21,35736.7081130471
2021-06-22,33247.7890290509
2021-06-23,34790.3326082982
2021-06-24,35267.1113108781
2021-06-25,35484.4178871667
2021-06-26,32706.0705687874
2021-06-27,34313.4102243312
2021-06-28,35188.4361875865
2021-06-29,36609.362895147
2021-06-30,36091.7807025666

